[
    {
        "pk": 2, 
        "model": "gsm.area", 
        "fields": {
            "name_fr": "Asie", 
            "name": "Asia", 
            "parent": 1, 
            "gsm_id": 2, 
            "_order": 0, 
            "country_code": "", 
            "name_en": "Asia", 
            "country_code_2": ""
        }
    }, 
    {
        "pk": 1, 
        "model": "gsm.area", 
        "fields": {
            "name_fr": "Monde", 
            "name": "World", 
            "parent": null, 
            "gsm_id": 1, 
            "_order": 0, 
            "country_code": "", 
            "name_en": "World", 
            "country_code_2": ""
        }
    }, 
    {
        "pk": 50, 
        "model": "gsm.area", 
        "fields": {
            "name_fr": "Afrique", 
            "name": "Africa", 
            "parent": 1, 
            "gsm_id": 3, 
            "_order": 1, 
            "country_code": "", 
            "name_en": "Africa", 
            "country_code_2": ""
        }
    }, 
    {
        "pk": 108, 
        "model": "gsm.area", 
        "fields": {
            "name_fr": "Am\u00e9rique du Nord", 
            "name": "N/C America", 
            "parent": 1, 
            "gsm_id": 4, 
            "_order": 2, 
            "country_code": "", 
            "name_en": "N/C America", 
            "country_code_2": ""
        }
    }, 
    {
        "pk": 150, 
        "model": "gsm.area", 
        "fields": {
            "name_fr": "Am\u00e9rique du Sud", 
            "name": "South America", 
            "parent": 1, 
            "gsm_id": 5, 
            "_order": 3, 
            "country_code": "", 
            "name_en": "South America", 
            "country_code_2": ""
        }
    }, 
    {
        "pk": 161, 
        "model": "gsm.area", 
        "fields": {
            "name_fr": "Oc\u00e9anie", 
            "name": "Oceania", 
            "parent": 1, 
            "gsm_id": 6, 
            "_order": 4, 
            "country_code": "", 
            "name_en": "Oceania", 
            "country_code_2": ""
        }
    }, 
    {
        "pk": 175, 
        "model": "gsm.area", 
        "fields": {
            "name_fr": "Europe", 
            "name": "Europe", 
            "parent": 1, 
            "gsm_id": 7, 
            "_order": 5, 
            "country_code": "", 
            "name_en": "Europe", 
            "country_code_2": ""
        }
    }, 
    {
        "pk": 183, 
        "model": "gsm.area", 
        "fields": {
            "name_fr": "Bosnie-Herz\u00e9govine", 
            "name": "Bosnia-Herzegovina", 
            "parent": 175, 
            "gsm_id": 33, 
            "_order": 7, 
            "country_code": "BIH", 
            "name_en": "Bosnia-Herzegovina", 
            "country_code_2": "ba"
        }
    }, 
    {
        "pk": 187, 
        "model": "gsm.area", 
        "fields": {
            "name_fr": "R\u00e9publique Tch\u00e8que", 
            "name": "Czech Republic", 
            "parent": 175, 
            "gsm_id": 59, 
            "_order": 11, 
            "country_code": "CZE", 
            "name_en": "Czech Republic", 
            "country_code_2": "cz"
        }
    }, 
    {
        "pk": 189, 
        "model": "gsm.area", 
        "fields": {
            "name_fr": "Angleterre", 
            "name": "England", 
            "parent": 175, 
            "gsm_id": 68, 
            "_order": 13, 
            "country_code": "ENG", 
            "name_en": "England", 
            "country_code_2": ""
        }
    }, 
    {
        "pk": 193, 
        "model": "gsm.area", 
        "fields": {
            "name_fr": "France", 
            "name": "France", 
            "parent": 175, 
            "gsm_id": 76, 
            "_order": 17, 
            "country_code": "FRA", 
            "name_en": "France", 
            "country_code_2": "fr"
        }
    }, 
    {
        "pk": 195, 
        "model": "gsm.area", 
        "fields": {
            "name_fr": "Allemagne", 
            "name": "Germany", 
            "parent": 175, 
            "gsm_id": 80, 
            "_order": 19, 
            "country_code": "DEU", 
            "name_en": "Germany", 
            "country_code_2": "de"
        }
    }, 
    {
        "pk": 196, 
        "model": "gsm.area", 
        "fields": {
            "name_fr": "Gr\u00e8ce", 
            "name": "Greece", 
            "parent": 175, 
            "gsm_id": 82, 
            "_order": 20, 
            "country_code": "GRC", 
            "name_en": "Greece", 
            "country_code_2": "gr"
        }
    }, 
    {
        "pk": 201, 
        "model": "gsm.area", 
        "fields": {
            "name_fr": "Italie", 
            "name": "Italy", 
            "parent": 175, 
            "gsm_id": 100, 
            "_order": 25, 
            "country_code": "ITA", 
            "name_en": "Italy", 
            "country_code_2": "it"
        }
    }, 
    {
        "pk": 212, 
        "model": "gsm.area", 
        "fields": {
            "name_fr": "Norv\u00e8ge", 
            "name": "Norway", 
            "parent": 175, 
            "gsm_id": 146, 
            "_order": 36, 
            "country_code": "NOR", 
            "name_en": "Norway", 
            "country_code_2": "no"
        }
    }, 
    {
        "pk": 220, 
        "model": "gsm.area", 
        "fields": {
            "name_fr": "Slovaquie", 
            "name": "Slovakia", 
            "parent": 175, 
            "gsm_id": 171, 
            "_order": 44, 
            "country_code": "SVK", 
            "name_en": "Slovakia", 
            "country_code_2": "sk"
        }
    }, 
    {
        "pk": 222, 
        "model": "gsm.area", 
        "fields": {
            "name_fr": "Espagne", 
            "name": "Spain", 
            "parent": 175, 
            "gsm_id": 176, 
            "_order": 46, 
            "country_code": "ESP", 
            "name_en": "Spain", 
            "country_code_2": "es"
        }
    }, 
    {
        "pk": 1, 
        "model": "gsm.sport", 
        "fields": {
            "fans": [], 
            "name": "rugby", 
            "slug": "rugby"
        }
    }, 
    {
        "pk": 2, 
        "model": "gsm.sport", 
        "fields": {
            "fans": [], 
            "name": "soccer", 
            "slug": "soccer"
        }
    }, 
    {
        "pk": 3, 
        "model": "gsm.sport", 
        "fields": {
            "fans": [], 
            "name": "tennis", 
            "slug": "tennis"
        }
    }, 
    {
        "pk": 4, 
        "model": "gsm.sport", 
        "fields": {
            "fans": [], 
            "name": "basketball", 
            "slug": "basketball"
        }
    }, 
    {
        "pk": 228, 
        "model": "gsm.gsmentity", 
        "fields": {
            "name_fr": "Valence", 
            "last_updated": null, 
            "name": "Valencia", 
            "area": 222, 
            "gsm_id": 2015, 
            "fans": [], 
            "tag": "team", 
            "name_ascii_en": "Valencia", 
            "name_ascii": "Valencia", 
            "name_en": "Valencia", 
            "sport": 2, 
            "name_ascii_fr": "Valence"
        }
    }, 
    {
        "pk": 236, 
        "model": "gsm.gsmentity", 
        "fields": {
            "name_fr": "Majorque", 
            "last_updated": null, 
            "name": "Mallorca", 
            "area": 222, 
            "gsm_id": 2027, 
            "fans": [], 
            "tag": "team", 
            "name_ascii_en": "Mallorca", 
            "name_ascii": "Mallorca", 
            "name_en": "Mallorca", 
            "sport": 2, 
            "name_ascii_fr": "Majorque"
        }
    }, 
    {
        "pk": 198, 
        "model": "gsm.gsmentity", 
        "fields": {
            "name_fr": "Viktoria Plze\u0148", 
            "last_updated": null, 
            "name": "Viktoria Plze\u0148", 
            "area": 187, 
            "gsm_id": 546, 
            "fans": [], 
            "tag": "team", 
            "name_ascii_en": "Viktoria Plzen", 
            "name_ascii": "Viktoria Plzen", 
            "name_en": "Viktoria Plze\u0148", 
            "sport": 2, 
            "name_ascii_fr": null
        }
    }, 
    {
        "pk": 229, 
        "model": "gsm.gsmentity", 
        "fields": {
            "name_fr": "Racing Santander", 
            "last_updated": null, 
            "name": "Racing Santander", 
            "area": 222, 
            "gsm_id": 2029, 
            "fans": [], 
            "tag": "team", 
            "name_ascii_en": "Racing Santander", 
            "name_ascii": "Racing Santander", 
            "name_en": "Racing Santander", 
            "sport": 2, 
            "name_ascii_fr": null
        }
    }, 
    {
        "pk": 268, 
        "model": "gsm.gsmentity", 
        "fields": {
            "name_fr": "Werder Br\u00eame", 
            "last_updated": null, 
            "name": "Werder Bremen", 
            "area": 195, 
            "gsm_id": 960, 
            "fans": [], 
            "tag": "team", 
            "name_ascii_en": "Werder Bremen", 
            "name_ascii": "Werder Bremen", 
            "name_en": "Werder Bremen", 
            "sport": 2, 
            "name_ascii_fr": "Werder Breme"
        }
    }, 
    {
        "pk": 259, 
        "model": "gsm.gsmentity", 
        "fields": {
            "name_fr": "Arsenal", 
            "last_updated": null, 
            "name": "Arsenal", 
            "area": 189, 
            "gsm_id": 660, 
            "fans": [], 
            "tag": "team", 
            "name_ascii_en": "Arsenal", 
            "name_ascii": "Arsenal", 
            "name_en": "Arsenal", 
            "sport": 2, 
            "name_ascii_fr": null
        }
    }, 
    {
        "pk": 293, 
        "model": "gsm.gsmentity", 
        "fields": {
            "name_fr": "Novare", 
            "last_updated": null, 
            "name": "Novara", 
            "area": 201, 
            "gsm_id": 1293, 
            "fans": [], 
            "tag": "team", 
            "name_ascii_en": "Novara", 
            "name_ascii": "Novara", 
            "name_en": "Novara", 
            "sport": 2, 
            "name_ascii_fr": "Novare"
        }
    }, 
    {
        "pk": 295, 
        "model": "gsm.gsmentity", 
        "fields": {
            "name_fr": "Bologne", 
            "last_updated": null, 
            "name": "Bologna", 
            "area": 201, 
            "gsm_id": 1249, 
            "fans": [], 
            "tag": "team", 
            "name_ascii_en": "Bologna", 
            "name_ascii": "Bologna", 
            "name_en": "Bologna", 
            "sport": 2, 
            "name_ascii_fr": "Bologne"
        }
    }, 
    {
        "pk": 266, 
        "model": "gsm.gsmentity", 
        "fields": {
            "name_fr": "Borussia Dortmund", 
            "last_updated": null, 
            "name": "Borussia Dortmund", 
            "area": 195, 
            "gsm_id": 964, 
            "fans": [], 
            "tag": "team", 
            "name_ascii_en": "Borussia Dortmund", 
            "name_ascii": "Borussia Dortmund", 
            "name_en": "Borussia Dortmund", 
            "sport": 2, 
            "name_ascii_fr": null
        }
    }, 
    {
        "pk": 281, 
        "model": "gsm.gsmentity", 
        "fields": {
            "name_fr": "Bayer Leverkusen", 
            "last_updated": null, 
            "name": "Bayer Leverkusen", 
            "area": 195, 
            "gsm_id": 963, 
            "fans": [], 
            "tag": "team", 
            "name_ascii_en": "Bayer Leverkusen", 
            "name_ascii": "Bayer Leverkusen", 
            "name_en": "Bayer Leverkusen", 
            "sport": 2, 
            "name_ascii_fr": null
        }
    }, 
    {
        "pk": 288, 
        "model": "gsm.gsmentity", 
        "fields": {
            "name_fr": "Juventus", 
            "last_updated": null, 
            "name": "Juventus", 
            "area": 201, 
            "gsm_id": 1242, 
            "fans": [], 
            "tag": "team", 
            "name_ascii_en": "Juventus", 
            "name_ascii": "Juventus", 
            "name_en": "Juventus", 
            "sport": 2, 
            "name_ascii_fr": null
        }
    }, 
    {
        "pk": 292, 
        "model": "gsm.gsmentity", 
        "fields": {
            "name_fr": "Chievo", 
            "last_updated": null, 
            "name": "Chievo", 
            "area": 201, 
            "gsm_id": 1248, 
            "fans": [], 
            "tag": "team", 
            "name_ascii_en": "Chievo", 
            "name_ascii": "Chievo", 
            "name_en": "Chievo", 
            "sport": 2, 
            "name_ascii_fr": null
        }
    }, 
    {
        "pk": 304, 
        "model": "gsm.gsmentity", 
        "fields": {
            "name_fr": "Ajaccio", 
            "last_updated": null, 
            "name": "Ajaccio", 
            "area": 193, 
            "gsm_id": 900, 
            "fans": [], 
            "tag": "team", 
            "name_ascii_en": "Ajaccio", 
            "name_ascii": "Ajaccio", 
            "name_en": "Ajaccio", 
            "sport": 2, 
            "name_ascii_fr": null
        }
    }, 
    {
        "pk": 305, 
        "model": "gsm.gsmentity", 
        "fields": {
            "name_fr": "Toulouse", 
            "last_updated": null, 
            "name": "Toulouse", 
            "area": 193, 
            "gsm_id": 899, 
            "fans": [], 
            "tag": "team", 
            "name_ascii_en": "Toulouse", 
            "name_ascii": "Toulouse", 
            "name_en": "Toulouse", 
            "sport": 2, 
            "name_ascii_fr": null
        }
    }, 
    {
        "pk": 308, 
        "model": "gsm.gsmentity", 
        "fields": {
            "name_fr": "Caen", 
            "last_updated": null, 
            "name": "Caen", 
            "area": 193, 
            "gsm_id": 902, 
            "fans": [], 
            "tag": "team", 
            "name_ascii_en": "Caen", 
            "name_ascii": "Caen", 
            "name_en": "Caen", 
            "sport": 2, 
            "name_ascii_fr": null
        }
    }, 
    {
        "pk": 310, 
        "model": "gsm.gsmentity", 
        "fields": {
            "name_fr": "Olympique Marseille", 
            "last_updated": null, 
            "name": "Olympique Marseille", 
            "area": 193, 
            "gsm_id": 890, 
            "fans": [], 
            "tag": "team", 
            "name_ascii_en": "Olympique Marseille", 
            "name_ascii": "Olympique Marseille", 
            "name_en": "Olympique Marseille", 
            "sport": 2, 
            "name_ascii_fr": null
        }
    }, 
    {
        "pk": 316, 
        "model": "gsm.gsmentity", 
        "fields": {
            "name_fr": "Nice", 
            "last_updated": null, 
            "name": "Nice", 
            "area": 193, 
            "gsm_id": 894, 
            "fans": [], 
            "tag": "team", 
            "name_ascii_en": "Nice", 
            "name_ascii": "Nice", 
            "name_en": "Nice", 
            "sport": 2, 
            "name_ascii_fr": null
        }
    }, 
    {
        "pk": 318, 
        "model": "gsm.gsmentity", 
        "fields": {
            "name_fr": "PSG", 
            "last_updated": null, 
            "name": "PSG", 
            "area": 193, 
            "gsm_id": 886, 
            "fans": [], 
            "tag": "team", 
            "name_ascii_en": "PSG", 
            "name_ascii": "PSG", 
            "name_en": "PSG", 
            "sport": 2, 
            "name_ascii_fr": null
        }
    }, 
    {
        "pk": 319, 
        "model": "gsm.gsmentity", 
        "fields": {
            "name_fr": "Lorient", 
            "last_updated": null, 
            "name": "Lorient", 
            "area": 193, 
            "gsm_id": 907, 
            "fans": [], 
            "tag": "team", 
            "name_ascii_en": "Lorient", 
            "name_ascii": "Lorient", 
            "name_en": "Lorient", 
            "sport": 2, 
            "name_ascii_fr": null
        }
    }, 
    {
        "pk": 320, 
        "model": "gsm.gsmentity", 
        "fields": {
            "name_fr": "Dijon", 
            "last_updated": null, 
            "name": "Dijon", 
            "area": 193, 
            "gsm_id": 923, 
            "fans": [], 
            "tag": "team", 
            "name_ascii_en": "Dijon", 
            "name_ascii": "Dijon", 
            "name_en": "Dijon", 
            "sport": 2, 
            "name_ascii_fr": null
        }
    }, 
    {
        "pk": 321, 
        "model": "gsm.gsmentity", 
        "fields": {
            "name_fr": "Stade Rennes", 
            "last_updated": null, 
            "name": "Stade Rennes", 
            "area": 193, 
            "gsm_id": 893, 
            "fans": [], 
            "tag": "team", 
            "name_ascii_en": "Stade Rennes", 
            "name_ascii": "Stade Rennes", 
            "name_en": "Stade Rennes", 
            "sport": 2, 
            "name_ascii_fr": null
        }
    }, 
    {
        "pk": 322, 
        "model": "gsm.gsmentity", 
        "fields": {
            "name_fr": "Bordeaux", 
            "last_updated": null, 
            "name": "Bordeaux", 
            "area": 193, 
            "gsm_id": 891, 
            "fans": [], 
            "tag": "team", 
            "name_ascii_en": "Bordeaux", 
            "name_ascii": "Bordeaux", 
            "name_en": "Bordeaux", 
            "sport": 2, 
            "name_ascii_fr": null
        }
    }, 
    {
        "pk": 416, 
        "model": "gsm.gsmentity", 
        "fields": {
            "name_fr": "Sarpsborg 08", 
            "last_updated": null, 
            "name": "Sarpsborg 08", 
            "area": 212, 
            "gsm_id": 2496, 
            "fans": [], 
            "tag": "team", 
            "name_ascii_en": "Sarpsborg 08", 
            "name_ascii": "Sarpsborg 08", 
            "name_en": "Sarpsborg 08", 
            "sport": 2, 
            "name_ascii_fr": null
        }
    }, 
    {
        "pk": 422, 
        "model": "gsm.gsmentity", 
        "fields": {
            "name_fr": "Troms\u00f8", 
            "last_updated": null, 
            "name": "Troms\u00f8", 
            "area": 212, 
            "gsm_id": 1585, 
            "fans": [], 
            "tag": "team", 
            "name_ascii_en": "Troms", 
            "name_ascii": "Troms", 
            "name_en": "Troms\u00f8", 
            "sport": 2, 
            "name_ascii_fr": null
        }
    }, 
    {
        "pk": 573, 
        "model": "gsm.gsmentity", 
        "fields": {
            "name_fr": "Zvijezda", 
            "last_updated": null, 
            "name": "Zvijezda", 
            "area": 183, 
            "gsm_id": 7193, 
            "fans": [], 
            "tag": "team", 
            "name_ascii_en": "Zvijezda", 
            "name_ascii": "Zvijezda", 
            "name_en": "Zvijezda", 
            "sport": 2, 
            "name_ascii_fr": null
        }
    }, 
    {
        "pk": 581, 
        "model": "gsm.gsmentity", 
        "fields": {
            "name_fr": "Sloboda Tuzla", 
            "last_updated": null, 
            "name": "Sloboda Tuzla", 
            "area": 183, 
            "gsm_id": 2702, 
            "fans": [], 
            "tag": "team", 
            "name_ascii_en": "Sloboda Tuzla", 
            "name_ascii": "Sloboda Tuzla", 
            "name_en": "Sloboda Tuzla", 
            "sport": 2, 
            "name_ascii_fr": null
        }
    }, 
    {
        "pk": 761, 
        "model": "gsm.gsmentity", 
        "fields": {
            "name_fr": "Olympiakos Pir\u00e9e", 
            "last_updated": null, 
            "name": "Olympiakos Piraeus", 
            "area": 196, 
            "gsm_id": 1040, 
            "fans": [], 
            "tag": "team", 
            "name_ascii_en": "Olympiakos Piraeus", 
            "name_ascii": "Olympiakos Piraeus", 
            "name_en": "Olympiakos Piraeus", 
            "sport": 2, 
            "name_ascii_fr": "Olympiakos Piree"
        }
    }, 
    {
        "pk": 843, 
        "model": "gsm.gsmentity", 
        "fields": {
            "name_fr": "SK Slovan Bratislava", 
            "last_updated": null, 
            "name": "Slovan Bratislava", 
            "area": 220, 
            "gsm_id": 1981, 
            "fans": [], 
            "tag": "team", 
            "name_ascii_en": "Slovan Bratislava", 
            "name_ascii": "Slovan Bratislava", 
            "name_en": "Slovan Bratislava", 
            "sport": 2, 
            "name_ascii_fr": "SK Slovan Bratislava"
        }
    }, 
    {
        "pk": 845, 
        "model": "gsm.gsmentity", 
        "fields": {
            "name_fr": "FK Dukla Bansk\u00e1 Bystrica", 
            "last_updated": null, 
            "name": "Dukla", 
            "area": 220, 
            "gsm_id": 1972, 
            "fans": [], 
            "tag": "team", 
            "name_ascii_en": "Dukla", 
            "name_ascii": "Dukla", 
            "name_en": "Dukla", 
            "sport": 2, 
            "name_ascii_fr": "FK Dukla Banska Bystrica"
        }
    }, 
    {
        "pk": 1083, 
        "model": "gsm.gsmentity", 
        "fields": {
            "name_fr": "Le Havre", 
            "last_updated": null, 
            "name": "Le Havre", 
            "area": 193, 
            "gsm_id": 912, 
            "fans": [], 
            "tag": "team", 
            "name_ascii_en": "Le Havre", 
            "name_ascii": "Le Havre", 
            "name_en": "Le Havre", 
            "sport": 2, 
            "name_ascii_fr": null
        }
    }, 
    {
        "pk": 1092, 
        "model": "gsm.gsmentity", 
        "fields": {
            "name_fr": "Tours", 
            "last_updated": null, 
            "name": "Tours", 
            "area": 193, 
            "gsm_id": 935, 
            "fans": [], 
            "tag": "team", 
            "name_ascii_en": "Tours", 
            "name_ascii": "Tours", 
            "name_en": "Tours", 
            "sport": 2, 
            "name_ascii_fr": null
        }
    }, 
    {
        "pk": 1093, 
        "model": "gsm.gsmentity", 
        "fields": {
            "name_fr": "Metz", 
            "last_updated": null, 
            "name": "Metz", 
            "area": 193, 
            "gsm_id": 896, 
            "fans": [], 
            "tag": "team", 
            "name_ascii_en": "Metz", 
            "name_ascii": "Metz", 
            "name_en": "Metz", 
            "sport": 2, 
            "name_ascii_fr": null
        }
    }, 
    {
        "pk": 1097, 
        "model": "gsm.gsmentity", 
        "fields": {
            "name_fr": "Reims", 
            "last_updated": null, 
            "name": "Reims", 
            "area": 193, 
            "gsm_id": 921, 
            "fans": [], 
            "tag": "team", 
            "name_ascii_en": "Reims", 
            "name_ascii": "Reims", 
            "name_en": "Reims", 
            "sport": 2, 
            "name_ascii_fr": null
        }
    }, 
    {
        "pk": 1339, 
        "model": "gsm.gsmentity", 
        "fields": {
            "name_fr": "Fortuna D\u00fcsseldorf II", 
            "last_updated": null, 
            "name": "Fortuna D\u00fcsseldorf II", 
            "area": 195, 
            "gsm_id": 8860, 
            "fans": [], 
            "tag": "team", 
            "name_ascii_en": "Fortuna Dusseldorf II", 
            "name_ascii": "Fortuna Dusseldorf II", 
            "name_en": "Fortuna D\u00fcsseldorf II", 
            "sport": 2, 
            "name_ascii_fr": null
        }
    }, 
    {
        "pk": 1345, 
        "model": "gsm.gsmentity", 
        "fields": {
            "name_fr": "Fortuna Cologne", 
            "last_updated": null, 
            "name": "Fortuna K\u00f6ln", 
            "area": 195, 
            "gsm_id": 2367, 
            "fans": [], 
            "tag": "team", 
            "name_ascii_en": "Fortuna Koln", 
            "name_ascii": "Fortuna Koln", 
            "name_en": "Fortuna K\u00f6ln", 
            "sport": 2, 
            "name_ascii_fr": "Fortuna Cologne"
        }
    }, 
    {
        "pk": 1352, 
        "model": "gsm.gsmentity", 
        "fields": {
            "name_fr": "Eintracht Tr\u00e8ves", 
            "last_updated": null, 
            "name": "Eintracht Trier", 
            "area": 195, 
            "gsm_id": 987, 
            "fans": [], 
            "tag": "team", 
            "name_ascii_en": "Eintracht Trier", 
            "name_ascii": "Eintracht Trier", 
            "name_en": "Eintracht Trier", 
            "sport": 2, 
            "name_ascii_fr": "Eintracht Treves"
        }
    }, 
    {
        "pk": 1350, 
        "model": "gsm.gsmentity", 
        "fields": {
            "name_fr": "Verl", 
            "last_updated": null, 
            "name": "Verl", 
            "area": 195, 
            "gsm_id": 2819, 
            "fans": [], 
            "tag": "team", 
            "name_ascii_en": "Verl", 
            "name_ascii": "Verl", 
            "name_en": "Verl", 
            "sport": 2, 
            "name_ascii_fr": null
        }
    }, 
    {
        "pk": 244, 
        "model": "gsm.gsmentity", 
        "fields": {
            "name_fr": "Barcelone", 
            "last_updated": null, 
            "name": "Barcelona", 
            "area": 222, 
            "gsm_id": 2017, 
            "fans": [], 
            "tag": "team", 
            "name_ascii_en": "Barcelona", 
            "name_ascii": "Barcelona", 
            "name_en": "Barcelona", 
            "sport": 2, 
            "name_ascii_fr": "Barcelone"
        }
    }, 
    {
        "pk": 760, 
        "model": "gsm.gsmentity", 
        "fields": {
            "name_fr": "AEK Ath\u00e8nes", 
            "last_updated": null, 
            "name": "AEK Athens", 
            "area": 196, 
            "gsm_id": 1042, 
            "fans": [], 
            "tag": "team", 
            "name_ascii_en": "AEK Athens", 
            "name_ascii": "AEK Athens", 
            "name_en": "AEK Athens", 
            "sport": 2, 
            "name_ascii_fr": "AEK Athenes"
        }
    }, 
    {
        "pk": 846, 
        "model": "gsm.gsmentity", 
        "fields": {
            "name_fr": "FC Nitra", 
            "last_updated": null, 
            "name": "Nitra", 
            "area": 220, 
            "gsm_id": 1990, 
            "fans": [], 
            "tag": "team", 
            "name_ascii_en": "Nitra", 
            "name_ascii": "Nitra", 
            "name_en": "Nitra", 
            "sport": 2, 
            "name_ascii_fr": "FC Nitra"
        }
    }, 
    {
        "pk": 3, 
        "model": "gsm.championship", 
        "fields": {
            "name_fr": "ATP ITF Futures", 
            "last_updated": "2011-09-27 04:33:01", 
            "name": "ATP ITF Futures", 
            "area": null, 
            "gsm_id": 6, 
            "fans": [], 
            "tag": "tour", 
            "name_ascii_en": "ATP ITF Futures", 
            "name_ascii": "ATP ITF Futures", 
            "name_en": "ATP ITF Futures", 
            "sport": 3, 
            "name_ascii_fr": null
        }
    }, 
    {
        "pk": 4, 
        "model": "gsm.championship", 
        "fields": {
            "name_fr": "ATP Challenge Tour", 
            "last_updated": "2011-09-17 11:13:31", 
            "name": "ATP Challenge Tour", 
            "area": null, 
            "gsm_id": 5, 
            "fans": [], 
            "tag": "tour", 
            "name_ascii_en": "ATP Challenge Tour", 
            "name_ascii": "ATP Challenge Tour", 
            "name_en": "ATP Challenge Tour", 
            "sport": 3, 
            "name_ascii_fr": null
        }
    }, 
    {
        "pk": 5, 
        "model": "gsm.championship", 
        "fields": {
            "name_fr": "Fed Cup", 
            "last_updated": "2011-09-15 12:16:30", 
            "name": "Fed Cup", 
            "area": null, 
            "gsm_id": 8, 
            "fans": [], 
            "tag": "tour", 
            "name_ascii_en": "Fed Cup", 
            "name_ascii": "Fed Cup", 
            "name_en": "Fed Cup", 
            "sport": 3, 
            "name_ascii_fr": null
        }
    }, 
    {
        "pk": 6, 
        "model": "gsm.championship", 
        "fields": {
            "name_fr": "Davis Cup", 
            "last_updated": "2011-09-18 16:54:23", 
            "name": "Davis Cup", 
            "area": null, 
            "gsm_id": 7, 
            "fans": [], 
            "tag": "tour", 
            "name_ascii_en": "Davis Cup", 
            "name_ascii": "Davis Cup", 
            "name_en": "Davis Cup", 
            "sport": 3, 
            "name_ascii_fr": null
        }
    }, 
    {
        "pk": 1, 
        "model": "gsm.championship", 
        "fields": {
            "name_fr": "ATP World Tour", 
            "last_updated": "2011-10-10 20:32:33", 
            "name": "ATP World Tour", 
            "area": null, 
            "gsm_id": 1, 
            "fans": [], 
            "tag": "tour", 
            "name_ascii_en": "ATP World Tour", 
            "name_ascii": "ATP World Tour", 
            "name_en": "ATP World Tour", 
            "sport": 3, 
            "name_ascii_fr": "ATP World Tour"
        }
    }, 
    {
        "pk": 2, 
        "model": "gsm.championship", 
        "fields": {
            "name_fr": "WTA Tour", 
            "last_updated": "2011-10-10 21:16:57", 
            "name": "WTA Tour", 
            "area": null, 
            "gsm_id": 4, 
            "fans": [], 
            "tag": "tour", 
            "name_ascii_en": "WTA Tour", 
            "name_ascii": "WTA Tour", 
            "name_en": "WTA Tour", 
            "sport": 3, 
            "name_ascii_fr": "WTA Tour"
        }
    }, 
    {
        "pk": 44, 
        "model": "gsm.competition", 
        "fields": {
            "team_type": "default", 
            "name_fr": "S\u00e9rie A", 
            "last_updated": "2011-10-05 17:11:02", 
            "name": "Serie A", 
            "area": 201, 
            "important": false, 
            "display_order": null, 
            "competition_format": "Domestic league", 
            "gsm_id": 13, 
            "fans": [], 
            "tag": "competition", 
            "name_ascii_en": "Serie A", 
            "court_type": null, 
            "name_ascii": "Serie A", 
            "competition_type": "club", 
            "name_en": "Serie A", 
            "sport": 2, 
            "championship": null, 
            "name_ascii_fr": "Serie A"
        }
    }, 
    {
        "pk": 43, 
        "model": "gsm.competition", 
        "fields": {
            "team_type": "default", 
            "name_fr": "Bundesliga", 
            "last_updated": "2011-10-04 17:48:07", 
            "name": "Bundesliga", 
            "area": 195, 
            "important": false, 
            "display_order": null, 
            "competition_format": "Domestic league", 
            "gsm_id": 9, 
            "fans": [], 
            "tag": "competition", 
            "name_ascii_en": "Bundesliga", 
            "court_type": null, 
            "name_ascii": "Bundesliga", 
            "competition_type": "club", 
            "name_en": "Bundesliga", 
            "sport": 2, 
            "championship": null, 
            "name_ascii_fr": "Bundesliga"
        }
    }, 
    {
        "pk": 45, 
        "model": "gsm.competition", 
        "fields": {
            "team_type": "default", 
            "name_fr": "Ligue 1", 
            "last_updated": "2011-10-09 04:18:19", 
            "name": "Ligue 1", 
            "area": 193, 
            "important": false, 
            "display_order": null, 
            "competition_format": "Domestic league", 
            "gsm_id": 16, 
            "fans": [], 
            "tag": "competition", 
            "name_ascii_en": "Ligue 1", 
            "court_type": null, 
            "name_ascii": "Ligue 1", 
            "competition_type": "club", 
            "name_en": "Ligue 1", 
            "sport": 2, 
            "championship": null, 
            "name_ascii_fr": "Ligue 1"
        }
    }, 
    {
        "pk": 76, 
        "model": "gsm.competition", 
        "fields": {
            "team_type": "default", 
            "name_fr": "Super League", 
            "last_updated": "2011-10-07 15:59:26", 
            "name": "Super League", 
            "area": 196, 
            "important": false, 
            "display_order": null, 
            "competition_format": "Domestic league", 
            "gsm_id": 107, 
            "fans": [], 
            "tag": "competition", 
            "name_ascii_en": "Super League", 
            "court_type": null, 
            "name_ascii": "Super League", 
            "competition_type": "club", 
            "name_en": "Super League", 
            "sport": 2, 
            "championship": null, 
            "name_ascii_fr": "Super League"
        }
    }, 
    {
        "pk": 81, 
        "model": "gsm.competition", 
        "fields": {
            "team_type": "default", 
            "name_fr": "Super Liga", 
            "last_updated": "2011-10-06 18:29:02", 
            "name": "Super Liga", 
            "area": 220, 
            "important": false, 
            "display_order": null, 
            "competition_format": "Domestic league", 
            "gsm_id": 123, 
            "fans": [], 
            "tag": "competition", 
            "name_ascii_en": "Super Liga", 
            "court_type": null, 
            "name_ascii": "Super Liga", 
            "competition_type": "club", 
            "name_en": "Super Liga", 
            "sport": 2, 
            "championship": null, 
            "name_ascii_fr": "Super Liga"
        }
    }, 
    {
        "pk": 53, 
        "model": "gsm.competition", 
        "fields": {
            "team_type": "default", 
            "name_fr": "Tippeligaen", 
            "last_updated": "2011-10-07 15:27:53", 
            "name": "Eliteserien", 
            "area": 212, 
            "important": false, 
            "display_order": null, 
            "competition_format": "Domestic league", 
            "gsm_id": 29, 
            "fans": [], 
            "tag": "competition", 
            "name_ascii_en": "Eliteserien", 
            "court_type": null, 
            "name_ascii": "Eliteserien", 
            "competition_type": "club", 
            "name_en": "Eliteserien", 
            "sport": 2, 
            "championship": null, 
            "name_ascii_fr": "Tippeligaen"
        }
    }, 
    {
        "pk": 64, 
        "model": "gsm.competition", 
        "fields": {
            "team_type": "default", 
            "name_fr": "Premier Liga", 
            "last_updated": "2011-10-04 11:45:18", 
            "name": "Premier Liga", 
            "area": 183, 
            "important": false, 
            "display_order": null, 
            "competition_format": "Domestic league", 
            "gsm_id": 64, 
            "fans": [], 
            "tag": "competition", 
            "name_ascii_en": "Premier Liga", 
            "court_type": null, 
            "name_ascii": "Premier Liga", 
            "competition_type": "club", 
            "name_en": "Premier Liga", 
            "sport": 2, 
            "championship": null, 
            "name_ascii_fr": "Premier Liga"
        }
    }, 
    {
        "pk": 111, 
        "model": "gsm.competition", 
        "fields": {
            "team_type": "default", 
            "name_fr": "UEFA Europa League", 
            "last_updated": "2011-10-07 15:38:39", 
            "name": "UEFA Europa League", 
            "area": 175, 
            "important": false, 
            "display_order": null, 
            "competition_format": "International cup", 
            "gsm_id": 18, 
            "fans": [], 
            "tag": "competition", 
            "name_ascii_en": "UEFA Europa League", 
            "court_type": null, 
            "name_ascii": "UEFA Europa League", 
            "competition_type": "club", 
            "name_en": "UEFA Europa League", 
            "sport": 2, 
            "championship": null, 
            "name_ascii_fr": "UEFA Europa League"
        }
    }, 
    {
        "pk": 129, 
        "model": "gsm.competition", 
        "fields": {
            "team_type": "default", 
            "name_fr": "Coupe de la Ligue", 
            "last_updated": "2011-10-06 10:28:52", 
            "name": "Coupe de la Ligue", 
            "area": 193, 
            "important": false, 
            "display_order": null, 
            "competition_format": "Domestic cup", 
            "gsm_id": 105, 
            "fans": [], 
            "tag": "competition", 
            "name_ascii_en": "Coupe de la Ligue", 
            "court_type": null, 
            "name_ascii": "Coupe de la Ligue", 
            "competition_type": "club", 
            "name_en": "Coupe de la Ligue", 
            "sport": 2, 
            "championship": null, 
            "name_ascii_fr": "Coupe de la Ligue"
        }
    }, 
    {
        "pk": 102, 
        "model": "gsm.competition", 
        "fields": {
            "team_type": "default", 
            "name_fr": "Ligue 2", 
            "last_updated": "2011-10-07 14:51:41", 
            "name": "Ligue 2", 
            "area": 193, 
            "important": false, 
            "display_order": null, 
            "competition_format": "Domestic league", 
            "gsm_id": 17, 
            "fans": [], 
            "tag": "competition", 
            "name_ascii_en": "Ligue 2", 
            "court_type": null, 
            "name_ascii": "Ligue 2", 
            "competition_type": "club", 
            "name_en": "Ligue 2", 
            "sport": 2, 
            "championship": null, 
            "name_ascii_fr": "Ligue 2"
        }
    }, 
    {
        "pk": 116, 
        "model": "gsm.competition", 
        "fields": {
            "team_type": "default", 
            "name_fr": "Regionalliga", 
            "last_updated": "2011-10-10 14:09:10", 
            "name": "Regionalliga", 
            "area": 195, 
            "important": false, 
            "display_order": null, 
            "competition_format": "Domestic league", 
            "gsm_id": 55, 
            "fans": [], 
            "tag": "competition", 
            "name_ascii_en": "Regionalliga", 
            "court_type": null, 
            "name_ascii": "Regionalliga", 
            "competition_type": "club", 
            "name_en": "Regionalliga", 
            "sport": 2, 
            "championship": null, 
            "name_ascii_fr": "Regionalliga"
        }
    }, 
    {
        "pk": 41, 
        "model": "gsm.competition", 
        "fields": {
            "team_type": "default", 
            "name_fr": "Liga BBVA", 
            "last_updated": "2011-10-06 20:50:09", 
            "name": "Primera Divisi\u00f3n", 
            "area": 222, 
            "important": false, 
            "display_order": null, 
            "competition_format": "Domestic league", 
            "gsm_id": 7, 
            "fans": [], 
            "tag": "competition", 
            "name_ascii_en": "Primera Division", 
            "court_type": null, 
            "name_ascii": "Primera Division", 
            "competition_type": "club", 
            "name_en": "Primera Divisi\u00f3n", 
            "sport": 2, 
            "championship": null, 
            "name_ascii_fr": "Liga BBVA"
        }
    }, 
    {
        "pk": 98, 
        "model": "gsm.competition", 
        "fields": {
            "team_type": "default", 
            "name_fr": "Ligue des champions UEFA", 
            "last_updated": "2011-10-10 10:08:19", 
            "name": "UEFA Champions League", 
            "area": 175, 
            "important": false, 
            "display_order": null, 
            "competition_format": "International cup", 
            "gsm_id": 10, 
            "fans": [], 
            "tag": "competition", 
            "name_ascii_en": "UEFA Champions League", 
            "court_type": null, 
            "name_ascii": "UEFA Champions League", 
            "competition_type": "club", 
            "name_en": "UEFA Champions League", 
            "sport": 2, 
            "championship": null, 
            "name_ascii_fr": "Ligue des champions UEFA"
        }
    }, 
    {
        "pk": 38, 
        "model": "gsm.season", 
        "fields": {
            "end_date": "2012-05-30 00:00:00", 
            "name_fr": "2011/2012", 
            "last_updated": "2011-10-04 11:45:18", 
            "name": "2011/2012", 
            "prize_money": null, 
            "area": null, 
            "gender": null, 
            "competition": 64, 
            "gsm_id": 6080, 
            "fans": [], 
            "tag": "season", 
            "name_ascii_en": "2011/2012", 
            "name_ascii": "2011/2012", 
            "season_type": null, 
            "prize_currency": null, 
            "name_en": "2011/2012", 
            "sport": 2, 
            "start_date": "2011-07-31 00:00:00", 
            "name_ascii_fr": "2011/2012"
        }
    }, 
    {
        "pk": 27, 
        "model": "gsm.season", 
        "fields": {
            "end_date": "2011-11-27 00:00:00", 
            "name_fr": "2011", 
            "last_updated": "2011-10-07 15:27:53", 
            "name": "2011", 
            "prize_money": null, 
            "area": null, 
            "gender": null, 
            "competition": 53, 
            "gsm_id": 5676, 
            "fans": [], 
            "tag": "season", 
            "name_ascii_en": "2011", 
            "name_ascii": "2011", 
            "season_type": null, 
            "prize_currency": null, 
            "name_en": "2011", 
            "sport": 2, 
            "start_date": "2011-03-18 00:00:00", 
            "name_ascii_fr": "2011"
        }
    }, 
    {
        "pk": 50, 
        "model": "gsm.season", 
        "fields": {
            "end_date": "2012-05-30 00:00:00", 
            "name_fr": "2011/2012", 
            "last_updated": "2011-10-07 15:59:26", 
            "name": "2011/2012", 
            "prize_money": null, 
            "area": null, 
            "gender": null, 
            "competition": 76, 
            "gsm_id": 6255, 
            "fans": [], 
            "tag": "season", 
            "name_ascii_en": "2011/2012", 
            "name_ascii": "2011/2012", 
            "season_type": null, 
            "prize_currency": null, 
            "name_en": "2011/2012", 
            "sport": 2, 
            "start_date": "2011-08-27 00:00:00", 
            "name_ascii_fr": "2011/2012"
        }
    }, 
    {
        "pk": 16, 
        "model": "gsm.season", 
        "fields": {
            "end_date": "2012-05-13 00:00:00", 
            "name_fr": "2011/2012", 
            "last_updated": "2011-10-06 20:50:09", 
            "name": "2011/2012", 
            "prize_money": null, 
            "area": null, 
            "gender": null, 
            "competition": 41, 
            "gsm_id": 6061, 
            "fans": [], 
            "tag": "season", 
            "name_ascii_en": "2011/2012", 
            "name_ascii": "2011/2012", 
            "season_type": null, 
            "prize_currency": null, 
            "name_en": "2011/2012", 
            "sport": 2, 
            "start_date": "2011-08-20 00:00:00", 
            "name_ascii_fr": "2011/2012"
        }
    }, 
    {
        "pk": 18, 
        "model": "gsm.season", 
        "fields": {
            "end_date": "2012-05-14 00:00:00", 
            "name_fr": "2011/2012", 
            "last_updated": "2011-10-04 17:48:07", 
            "name": "2011/2012", 
            "prize_money": null, 
            "area": null, 
            "gender": null, 
            "competition": 43, 
            "gsm_id": 5954, 
            "fans": [], 
            "tag": "season", 
            "name_ascii_en": "2011/2012", 
            "name_ascii": "2011/2012", 
            "season_type": null, 
            "prize_currency": null, 
            "name_en": "2011/2012", 
            "sport": 2, 
            "start_date": "2011-08-05 00:00:00", 
            "name_ascii_fr": "2011/2012"
        }
    }, 
    {
        "pk": 19, 
        "model": "gsm.season", 
        "fields": {
            "end_date": "2012-05-13 00:00:00", 
            "name_fr": "2011/2012", 
            "last_updated": "2011-10-05 17:11:02", 
            "name": "2011/2012", 
            "prize_money": null, 
            "area": null, 
            "gender": null, 
            "competition": 44, 
            "gsm_id": 6050, 
            "fans": [], 
            "tag": "season", 
            "name_ascii_en": "2011/2012", 
            "name_ascii": "2011/2012", 
            "season_type": null, 
            "prize_currency": null, 
            "name_en": "2011/2012", 
            "sport": 2, 
            "start_date": "2011-08-27 00:00:00", 
            "name_ascii_fr": "2011/2012"
        }
    }, 
    {
        "pk": 85, 
        "model": "gsm.season", 
        "fields": {
            "end_date": "2012-05-20 00:00:00", 
            "name_fr": "2011/2012", 
            "last_updated": "2011-10-10 14:09:10", 
            "name": "2011/2012", 
            "prize_money": null, 
            "area": null, 
            "gender": null, 
            "competition": 116, 
            "gsm_id": 6081, 
            "fans": [], 
            "tag": "season", 
            "name_ascii_en": "2011/2012", 
            "name_ascii": "2011/2012", 
            "season_type": null, 
            "prize_currency": null, 
            "name_en": "2011/2012", 
            "sport": 2, 
            "start_date": "2011-08-05 00:00:00", 
            "name_ascii_fr": "2011/2012"
        }
    }, 
    {
        "pk": 74, 
        "model": "gsm.season", 
        "fields": {
            "end_date": "2012-05-18 00:00:00", 
            "name_fr": "2011/2012", 
            "last_updated": "2011-10-07 14:51:41", 
            "name": "2011/2012", 
            "prize_money": null, 
            "area": null, 
            "gender": null, 
            "competition": 102, 
            "gsm_id": 6018, 
            "fans": [], 
            "tag": "season", 
            "name_ascii_en": "2011/2012", 
            "name_ascii": "2011/2012", 
            "season_type": null, 
            "prize_currency": null, 
            "name_en": "2011/2012", 
            "sport": 2, 
            "start_date": "2011-07-29 00:00:00", 
            "name_ascii_fr": "2011/2012"
        }
    }, 
    {
        "pk": 58, 
        "model": "gsm.season", 
        "fields": {
            "end_date": "2012-05-20 00:00:00", 
            "name_fr": "2011/2012", 
            "last_updated": "2011-10-06 18:29:02", 
            "name": "2011/2012", 
            "prize_money": null, 
            "area": null, 
            "gender": null, 
            "competition": 81, 
            "gsm_id": 6020, 
            "fans": [], 
            "tag": "season", 
            "name_ascii_en": "2011/2012", 
            "name_ascii": "2011/2012", 
            "season_type": null, 
            "prize_currency": null, 
            "name_en": "2011/2012", 
            "sport": 2, 
            "start_date": "2011-07-15 00:00:00", 
            "name_ascii_fr": "2011/2012"
        }
    }, 
    {
        "pk": 1334, 
        "model": "gsm.season", 
        "fields": {
            "end_date": "2012-05-09 00:00:00", 
            "name_fr": "2011/2012", 
            "last_updated": "2011-10-07 15:38:39", 
            "name": "2011/2012", 
            "prize_money": null, 
            "area": null, 
            "gender": null, 
            "competition": 111, 
            "gsm_id": 5986, 
            "fans": [], 
            "tag": "season", 
            "name_ascii_en": "2011/2012", 
            "name_ascii": "2011/2012", 
            "season_type": null, 
            "prize_currency": null, 
            "name_en": "2011/2012", 
            "sport": 2, 
            "start_date": "2011-06-30 00:00:00", 
            "name_ascii_fr": "2011/2012"
        }
    }, 
    {
        "pk": 20, 
        "model": "gsm.season", 
        "fields": {
            "end_date": "2012-05-20 00:00:00", 
            "name_fr": "2011/2012", 
            "last_updated": "2011-10-09 04:18:19", 
            "name": "2011/2012", 
            "prize_money": null, 
            "area": null, 
            "gender": null, 
            "competition": 45, 
            "gsm_id": 5962, 
            "fans": [], 
            "tag": "season", 
            "name_ascii_en": "2011/2012", 
            "name_ascii": "2011/2012", 
            "season_type": null, 
            "prize_currency": null, 
            "name_en": "2011/2012", 
            "sport": 2, 
            "start_date": "2011-02-04 00:00:00", 
            "name_ascii_fr": "2011/2012"
        }
    }, 
    {
        "pk": 1439, 
        "model": "gsm.season", 
        "fields": {
            "end_date": "2012-04-14 00:00:00", 
            "name_fr": "2011/2012", 
            "last_updated": "2011-10-06 10:28:52", 
            "name": "2011/2012", 
            "prize_money": null, 
            "area": null, 
            "gender": null, 
            "competition": 129, 
            "gsm_id": 6083, 
            "fans": [], 
            "tag": "season", 
            "name_ascii_en": "2011/2012", 
            "name_ascii": "2011/2012", 
            "season_type": null, 
            "prize_currency": null, 
            "name_en": "2011/2012", 
            "sport": 2, 
            "start_date": "2011-07-22 00:00:00", 
            "name_ascii_fr": null
        }
    }, 
    {
        "pk": 1116, 
        "model": "gsm.season", 
        "fields": {
            "end_date": "2012-05-19 00:00:00", 
            "name_fr": "2011/2012", 
            "last_updated": "2011-10-10 10:08:19", 
            "name": "2011/2012", 
            "prize_money": null, 
            "area": null, 
            "gender": null, 
            "competition": 98, 
            "gsm_id": 5984, 
            "fans": [], 
            "tag": "season", 
            "name_ascii_en": "2011/2012", 
            "name_ascii": "2011/2012", 
            "season_type": null, 
            "prize_currency": null, 
            "name_en": "2011/2012", 
            "sport": 2, 
            "start_date": "2011-06-28 00:00:00", 
            "name_ascii_fr": "2011/2012"
        }
    }, 
    {
        "pk": 31, 
        "model": "gsm.round", 
        "fields": {
            "name_fr": "Saison r\u00e9guli\u00e8re", 
            "last_updated": "2011-10-04 17:48:07", 
            "name": "Regular Season", 
            "end_date": "2012-05-05 00:00:00", 
            "area": null, 
            "season": 18, 
            "has_outgroup_matches": false, 
            "gsm_id": 14759, 
            "round_type": "table", 
            "fans": [], 
            "tag": "round", 
            "name_ascii_en": "Regular Season", 
            "scoring_system": null, 
            "groups": 0, 
            "name_ascii": "Regular Season", 
            "name_en": "Regular Season", 
            "sport": 2, 
            "start_date": "2011-08-05 00:00:00", 
            "name_ascii_fr": "Saison reguliere"
        }
    }, 
    {
        "pk": 40, 
        "model": "gsm.round", 
        "fields": {
            "name_fr": "Saison r\u00e9guli\u00e8re", 
            "last_updated": "2011-10-07 15:27:53", 
            "name": "Regular Season", 
            "end_date": "2011-11-27 00:00:00", 
            "area": null, 
            "season": 27, 
            "has_outgroup_matches": false, 
            "gsm_id": 13519, 
            "round_type": "table", 
            "fans": [], 
            "tag": "round", 
            "name_ascii_en": "Regular Season", 
            "scoring_system": null, 
            "groups": 0, 
            "name_ascii": "Regular Season", 
            "name_en": "Regular Season", 
            "sport": 2, 
            "start_date": "2011-03-18 00:00:00", 
            "name_ascii_fr": "Saison reguliere"
        }
    }, 
    {
        "pk": 29, 
        "model": "gsm.round", 
        "fields": {
            "name_fr": "Saison r\u00e9guli\u00e8re", 
            "last_updated": "2011-10-06 20:50:09", 
            "name": "Regular Season", 
            "end_date": "2012-05-13 00:00:00", 
            "area": null, 
            "season": 16, 
            "has_outgroup_matches": false, 
            "gsm_id": 15105, 
            "round_type": "table", 
            "fans": [], 
            "tag": "round", 
            "name_ascii_en": "Regular Season", 
            "scoring_system": null, 
            "groups": 0, 
            "name_ascii": "Regular Season", 
            "name_en": "Regular Season", 
            "sport": 2, 
            "start_date": "2011-08-20 00:00:00", 
            "name_ascii_fr": "Saison reguliere"
        }
    }, 
    {
        "pk": 33, 
        "model": "gsm.round", 
        "fields": {
            "name_fr": "Saison r\u00e9guli\u00e8re", 
            "last_updated": "2011-10-09 04:18:19", 
            "name": "Regular Season", 
            "end_date": "2012-05-20 00:00:00", 
            "area": null, 
            "season": 20, 
            "has_outgroup_matches": false, 
            "gsm_id": 14792, 
            "round_type": "table", 
            "fans": [], 
            "tag": "round", 
            "name_ascii_en": "Regular Season", 
            "scoring_system": null, 
            "groups": 0, 
            "name_ascii": "Regular Season", 
            "name_en": "Regular Season", 
            "sport": 2, 
            "start_date": "2011-02-04 00:00:00", 
            "name_ascii_fr": "Saison reguliere"
        }
    }, 
    {
        "pk": 51, 
        "model": "gsm.round", 
        "fields": {
            "name_fr": "Saison r\u00e9guli\u00e8re", 
            "last_updated": "2011-10-04 11:45:18", 
            "name": "Regular Season", 
            "end_date": "2012-05-30 00:00:00", 
            "area": null, 
            "season": 38, 
            "has_outgroup_matches": false, 
            "gsm_id": 15140, 
            "round_type": "table", 
            "fans": [], 
            "tag": "round", 
            "name_ascii_en": "Regular Season", 
            "scoring_system": null, 
            "groups": 0, 
            "name_ascii": "Regular Season", 
            "name_en": "Regular Season", 
            "sport": 2, 
            "start_date": "2011-07-31 00:00:00", 
            "name_ascii_fr": "Saison reguliere"
        }
    }, 
    {
        "pk": 71, 
        "model": "gsm.round", 
        "fields": {
            "name_fr": "Saison r\u00e9guli\u00e8re", 
            "last_updated": "2011-10-07 15:59:26", 
            "name": "Regular Season", 
            "end_date": "2012-05-30 00:00:00", 
            "area": null, 
            "season": 50, 
            "has_outgroup_matches": false, 
            "gsm_id": 15799, 
            "round_type": "table", 
            "fans": [], 
            "tag": "round", 
            "name_ascii_en": "Regular Season", 
            "scoring_system": null, 
            "groups": 0, 
            "name_ascii": "Regular Season", 
            "name_en": "Regular Season", 
            "sport": 2, 
            "start_date": "2011-08-27 00:00:00", 
            "name_ascii_fr": "Saison reguliere"
        }
    }, 
    {
        "pk": 83, 
        "model": "gsm.round", 
        "fields": {
            "name_fr": "Saison r\u00e9guli\u00e8re", 
            "last_updated": "2011-10-06 18:29:02", 
            "name": "Regular Season", 
            "end_date": "2012-05-20 00:00:00", 
            "area": null, 
            "season": 58, 
            "has_outgroup_matches": false, 
            "gsm_id": 14965, 
            "round_type": "table", 
            "fans": [], 
            "tag": "round", 
            "name_ascii_en": "Regular Season", 
            "scoring_system": null, 
            "groups": 0, 
            "name_ascii": "Regular Season", 
            "name_en": "Regular Season", 
            "sport": 2, 
            "start_date": "2011-07-15 00:00:00", 
            "name_ascii_fr": "Saison reguliere"
        }
    }, 
    {
        "pk": 107, 
        "model": "gsm.round", 
        "fields": {
            "name_fr": "Saison r\u00e9guli\u00e8re", 
            "last_updated": "2011-10-07 14:51:41", 
            "name": "Regular Season", 
            "end_date": "2012-05-18 00:00:00", 
            "area": null, 
            "season": 74, 
            "has_outgroup_matches": false, 
            "gsm_id": 14960, 
            "round_type": "table", 
            "fans": [], 
            "tag": "round", 
            "name_ascii_en": "Regular Season", 
            "scoring_system": null, 
            "groups": 0, 
            "name_ascii": "Regular Season", 
            "name_en": "Regular Season", 
            "sport": 2, 
            "start_date": "2011-07-29 00:00:00", 
            "name_ascii_fr": "Saison reguliere"
        }
    }, 
    {
        "pk": 127, 
        "model": "gsm.round", 
        "fields": {
            "name_fr": "Ouest", 
            "last_updated": "2011-10-10 14:09:10", 
            "name": "West", 
            "end_date": "2012-05-20 00:00:00", 
            "area": null, 
            "season": 85, 
            "has_outgroup_matches": false, 
            "gsm_id": 15144, 
            "round_type": "table", 
            "fans": [], 
            "tag": "round", 
            "name_ascii_en": "West", 
            "scoring_system": null, 
            "groups": 0, 
            "name_ascii": "West", 
            "name_en": "West", 
            "sport": 2, 
            "start_date": "2011-08-05 00:00:00", 
            "name_ascii_fr": "Ouest"
        }
    }, 
    {
        "pk": 32, 
        "model": "gsm.round", 
        "fields": {
            "name_fr": "Saison r\u00e9guli\u00e8re", 
            "last_updated": "2011-10-05 17:11:02", 
            "name": "Regular Season", 
            "end_date": "2012-05-13 00:00:00", 
            "area": null, 
            "season": 19, 
            "has_outgroup_matches": false, 
            "gsm_id": 15079, 
            "round_type": "table", 
            "fans": [], 
            "tag": "round", 
            "name_ascii_en": "Regular Season", 
            "scoring_system": null, 
            "groups": 0, 
            "name_ascii": "Regular Season", 
            "name_en": "Regular Season", 
            "sport": 2, 
            "start_date": "2011-08-27 00:00:00", 
            "name_ascii_fr": "Saison reguliere"
        }
    }, 
    {
        "pk": 2543, 
        "model": "gsm.round", 
        "fields": {
            "name_fr": "Stade des groupes", 
            "last_updated": "2011-10-07 15:38:39", 
            "name": "Group Stage", 
            "end_date": "2011-12-15 00:00:00", 
            "area": null, 
            "season": 1334, 
            "has_outgroup_matches": false, 
            "gsm_id": 14846, 
            "round_type": "table", 
            "fans": [], 
            "tag": "round", 
            "name_ascii_en": "Group Stage", 
            "scoring_system": null, 
            "groups": 12, 
            "name_ascii": "Group Stage", 
            "name_en": "Group Stage", 
            "sport": 2, 
            "start_date": "2011-09-15 00:00:00", 
            "name_ascii_fr": "Stade des groupes"
        }
    }, 
    {
        "pk": 2848, 
        "model": "gsm.round", 
        "fields": {
            "name_fr": "8\u00e8mes de finales", 
            "last_updated": "2011-10-06 10:28:52", 
            "name": "8th Finals", 
            "end_date": "2011-10-26 00:00:00", 
            "area": null, 
            "season": 1439, 
            "has_outgroup_matches": false, 
            "gsm_id": 15222, 
            "round_type": "cup", 
            "fans": [], 
            "tag": "round", 
            "name_ascii_en": "8th Finals", 
            "scoring_system": null, 
            "groups": 0, 
            "name_ascii": "8th Finals", 
            "name_en": "8th Finals", 
            "sport": 2, 
            "start_date": "2011-10-25 00:00:00", 
            "name_ascii_fr": "8emes de finales"
        }
    }, 
    {
        "pk": 2112, 
        "model": "gsm.round", 
        "fields": {
            "name_fr": "Stade des groupes", 
            "last_updated": "2011-10-10 10:08:19", 
            "name": "Group Stage", 
            "end_date": "2011-12-07 00:00:00", 
            "area": null, 
            "season": 1116, 
            "has_outgroup_matches": false, 
            "gsm_id": 14834, 
            "round_type": "table", 
            "fans": [], 
            "tag": "round", 
            "name_ascii_en": "Group Stage", 
            "scoring_system": null, 
            "groups": 8, 
            "name_ascii": "Group Stage", 
            "name_en": "Group Stage", 
            "sport": 2, 
            "start_date": "2011-09-13 00:00:00", 
            "name_ascii_fr": "Stade des groupes"
        }
    }, 
    {
        "pk": 20743, 
        "model": "gsm.session", 
        "fields": {
            "A_ets": null, 
            "A2_score": null, 
            "name_fr": "Eintracht Tr\u00e8ves vs. Verl", 
            "last_updated": "2011-09-07 15:10:08", 
            "name_ascii_fr": "Eintracht Treves vs. Verl", 
            "name_ascii": "Eintracht Trier vs. Verl", 
            "gameweek": 11, 
            "B5_score": null, 
            "tag": "match", 
            "sport": 2, 
            "time_unknown": false, 
            "session_round": 127, 
            "actual_start_datetime": null, 
            "area": null, 
            "winner": null, 
            "B1_score": null, 
            "penalty": null, 
            "fans": [], 
            "A1_score": null, 
            "oponnent_A": 1352, 
            "A_score": null, 
            "status": "Fixture", 
            "draw": null, 
            "season": 85, 
            "oponnent_B": 1350, 
            "B_ets": null, 
            "gsm_id": 1138850, 
            "A5_score": null, 
            "name_ascii_en": "Eintracht Trier vs. Verl", 
            "A3_score": null, 
            "name_en": "Eintracht Trier vs. Verl", 
            "name": "Eintracht Trier vs. Verl", 
            "B_score": null, 
            "A4_score": null, 
            "start_datetime": "2011-10-14 17:00:00", 
            "B2_score": null, 
            "B4_score": null, 
            "B3_score": null
        }
    }, 
    {
        "pk": 15905, 
        "model": "gsm.session", 
        "fields": {
            "A_ets": null, 
            "A2_score": null, 
            "name_fr": "Tours vs. Reims", 
            "last_updated": "2011-07-06 03:25:10", 
            "name_ascii_fr": null, 
            "name_ascii": "Tours vs. Reims", 
            "gameweek": 11, 
            "B5_score": null, 
            "tag": "match", 
            "sport": 2, 
            "time_unknown": false, 
            "session_round": 107, 
            "actual_start_datetime": null, 
            "area": null, 
            "winner": null, 
            "B1_score": null, 
            "penalty": null, 
            "fans": [], 
            "A1_score": null, 
            "oponnent_A": 1092, 
            "A_score": null, 
            "status": "Fixture", 
            "draw": null, 
            "season": 74, 
            "oponnent_B": 1097, 
            "B_ets": null, 
            "gsm_id": 1115208, 
            "A5_score": null, 
            "name_ascii_en": "Tours vs. Reims", 
            "A3_score": null, 
            "name_en": "Tours vs. Reims", 
            "name": "Tours vs. Reims", 
            "B_score": null, 
            "A4_score": null, 
            "start_datetime": "2011-10-14 18:00:00", 
            "B2_score": null, 
            "B4_score": null, 
            "B3_score": null
        }
    }, 
    {
        "pk": 15903, 
        "model": "gsm.session", 
        "fields": {
            "A_ets": null, 
            "A2_score": null, 
            "name_fr": "Metz vs. Le Havre", 
            "last_updated": "2011-07-06 03:25:10", 
            "name_ascii_fr": null, 
            "name_ascii": "Metz vs. Le Havre", 
            "gameweek": 11, 
            "B5_score": null, 
            "tag": "match", 
            "sport": 2, 
            "time_unknown": false, 
            "session_round": 107, 
            "actual_start_datetime": null, 
            "area": null, 
            "winner": null, 
            "B1_score": null, 
            "penalty": null, 
            "fans": [], 
            "A1_score": null, 
            "oponnent_A": 1093, 
            "A_score": null, 
            "status": "Fixture", 
            "draw": null, 
            "season": 74, 
            "oponnent_B": 1083, 
            "B_ets": null, 
            "gsm_id": 1115205, 
            "A5_score": null, 
            "name_ascii_en": "Metz vs. Le Havre", 
            "A3_score": null, 
            "name_en": "Metz vs. Le Havre", 
            "name": "Metz vs. Le Havre", 
            "B_score": null, 
            "A4_score": null, 
            "start_datetime": "2011-10-14 18:00:00", 
            "B2_score": null, 
            "B4_score": null, 
            "B3_score": null
        }
    }, 
    {
        "pk": 3054, 
        "model": "gsm.session", 
        "fields": {
            "A_ets": null, 
            "A2_score": null, 
            "name_fr": "Werder Br\u00eame vs. Borussia Dortmund", 
            "last_updated": "2011-08-31 15:27:06", 
            "name_ascii_fr": "Werder Breme vs. Borussia Dortmund", 
            "name_ascii": "Werder Bremen vs. Borussia Dortmund", 
            "gameweek": 9, 
            "B5_score": null, 
            "tag": "match", 
            "sport": 2, 
            "time_unknown": false, 
            "session_round": 31, 
            "actual_start_datetime": null, 
            "area": null, 
            "winner": null, 
            "B1_score": null, 
            "penalty": null, 
            "fans": [], 
            "A1_score": null, 
            "oponnent_A": 268, 
            "A_score": null, 
            "status": "Fixture", 
            "draw": null, 
            "season": 18, 
            "oponnent_B": 266, 
            "B_ets": null, 
            "gsm_id": 1122019, 
            "A5_score": null, 
            "name_ascii_en": "Werder Bremen vs. Borussia Dortmund", 
            "A3_score": null, 
            "name_en": "Werder Bremen vs. Borussia Dortmund", 
            "name": "Werder Bremen vs. Borussia Dortmund", 
            "B_score": null, 
            "A4_score": null, 
            "start_datetime": "2011-10-14 18:30:00", 
            "B2_score": null, 
            "B4_score": null, 
            "B3_score": null
        }
    }, 
    {
        "pk": 7791, 
        "model": "gsm.session", 
        "fields": {
            "A_ets": null, 
            "A2_score": null, 
            "name_fr": "Sloboda Tuzla vs. Zvijezda", 
            "last_updated": "2011-08-05 19:44:00", 
            "name_ascii_fr": null, 
            "name_ascii": "Sloboda Tuzla vs. Zvijezda", 
            "gameweek": 10, 
            "B5_score": null, 
            "tag": "match", 
            "sport": 2, 
            "time_unknown": true, 
            "session_round": 51, 
            "actual_start_datetime": null, 
            "area": null, 
            "winner": null, 
            "B1_score": null, 
            "penalty": null, 
            "fans": [], 
            "A1_score": null, 
            "oponnent_A": 581, 
            "A_score": null, 
            "status": "Fixture", 
            "draw": null, 
            "season": 38, 
            "oponnent_B": 573, 
            "B_ets": null, 
            "gsm_id": 1142013, 
            "A5_score": null, 
            "name_ascii_en": "Sloboda Tuzla vs. Zvijezda", 
            "A3_score": null, 
            "name_en": "Sloboda Tuzla vs. Zvijezda", 
            "name": "Sloboda Tuzla vs. Zvijezda", 
            "B_score": null, 
            "A4_score": null, 
            "start_datetime": "2011-10-15 00:00:00", 
            "B2_score": null, 
            "B4_score": null, 
            "B3_score": null
        }
    }, 
    {
        "pk": 20747, 
        "model": "gsm.session", 
        "fields": {
            "A_ets": null, 
            "A2_score": null, 
            "name_fr": "Fortuna D\u00fcsseldorf II vs. Fortuna Cologne", 
            "last_updated": "2011-07-06 09:11:52", 
            "name_ascii_fr": "Fortuna Dusseldorf II vs. Fortuna Cologne", 
            "name_ascii": "Fortuna Dusseldorf II vs. Fortuna Koln", 
            "gameweek": 11, 
            "B5_score": null, 
            "tag": "match", 
            "sport": 2, 
            "time_unknown": false, 
            "session_round": 127, 
            "actual_start_datetime": null, 
            "area": null, 
            "winner": null, 
            "B1_score": null, 
            "penalty": null, 
            "fans": [], 
            "A1_score": null, 
            "oponnent_A": 1339, 
            "A_score": null, 
            "status": "Fixture", 
            "draw": null, 
            "season": 85, 
            "oponnent_B": 1345, 
            "B_ets": null, 
            "gsm_id": 1138845, 
            "A5_score": null, 
            "name_ascii_en": "Fortuna Dusseldorf II vs. Fortuna Koln", 
            "A3_score": null, 
            "name_en": "Fortuna D\u00fcsseldorf II vs. Fortuna K\u00f6ln", 
            "name": "Fortuna D\u00fcsseldorf II vs. Fortuna K\u00f6ln", 
            "B_score": null, 
            "A4_score": null, 
            "start_datetime": "2011-10-15 12:00:00", 
            "B2_score": null, 
            "B4_score": null, 
            "B3_score": null
        }
    }, 
    {
        "pk": 12200, 
        "model": "gsm.session", 
        "fields": {
            "A_ets": null, 
            "A2_score": null, 
            "name_fr": "FC Nitra vs. FK Dukla Bansk\u00e1 Bystrica", 
            "last_updated": "2011-07-13 04:24:47", 
            "name_ascii_fr": "FC Nitra vs. FK Dukla Banska Bystrica", 
            "name_ascii": "Nitra vs. Dukla", 
            "gameweek": 12, 
            "B5_score": null, 
            "tag": "match", 
            "sport": 2, 
            "time_unknown": false, 
            "session_round": 83, 
            "actual_start_datetime": null, 
            "area": null, 
            "winner": null, 
            "B1_score": null, 
            "penalty": null, 
            "fans": [], 
            "A1_score": null, 
            "oponnent_A": 846, 
            "A_score": null, 
            "status": "Fixture", 
            "draw": null, 
            "season": 58, 
            "oponnent_B": 845, 
            "B_ets": null, 
            "gsm_id": 1113842, 
            "A5_score": null, 
            "name_ascii_en": "Nitra vs. Dukla", 
            "A3_score": null, 
            "name_en": "Nitra vs. Dukla", 
            "name": "Nitra vs. Dukla", 
            "B_score": null, 
            "A4_score": null, 
            "start_datetime": "2011-10-15 15:30:00", 
            "B2_score": null, 
            "B4_score": null, 
            "B3_score": null
        }
    }, 
    {
        "pk": 2282, 
        "model": "gsm.session", 
        "fields": {
            "A_ets": null, 
            "A2_score": null, 
            "name_fr": "Majorque vs. Valence", 
            "last_updated": "2011-09-27 06:39:57", 
            "name_ascii_fr": "Majorque vs. Valence", 
            "name_ascii": "Mallorca vs. Valencia", 
            "gameweek": 8, 
            "B5_score": null, 
            "tag": "match", 
            "sport": 2, 
            "time_unknown": false, 
            "session_round": 29, 
            "actual_start_datetime": null, 
            "area": null, 
            "winner": null, 
            "B1_score": null, 
            "penalty": null, 
            "fans": [], 
            "A1_score": null, 
            "oponnent_A": 236, 
            "A_score": null, 
            "status": "Fixture", 
            "draw": null, 
            "season": 16, 
            "oponnent_B": 228, 
            "B_ets": null, 
            "gsm_id": 1140709, 
            "A5_score": null, 
            "name_ascii_en": "Mallorca vs. Valencia", 
            "A3_score": null, 
            "name_en": "Mallorca vs. Valencia", 
            "name": "Mallorca vs. Valencia", 
            "B_score": null, 
            "A4_score": null, 
            "start_datetime": "2011-10-15 16:00:00", 
            "B2_score": null, 
            "B4_score": null, 
            "B3_score": null
        }
    }, 
    {
        "pk": 3763, 
        "model": "gsm.session", 
        "fields": {
            "A_ets": null, 
            "A2_score": null, 
            "name_fr": "Toulouse vs. Olympique Marseille", 
            "last_updated": "2011-09-18 03:43:59", 
            "name_ascii_fr": null, 
            "name_ascii": "Toulouse vs. Olympique Marseille", 
            "gameweek": 10, 
            "B5_score": null, 
            "tag": "match", 
            "sport": 2, 
            "time_unknown": false, 
            "session_round": 33, 
            "actual_start_datetime": null, 
            "area": null, 
            "winner": null, 
            "B1_score": null, 
            "penalty": null, 
            "fans": [], 
            "A1_score": null, 
            "oponnent_A": 305, 
            "A_score": null, 
            "status": "Fixture", 
            "draw": null, 
            "season": 20, 
            "oponnent_B": 310, 
            "B_ets": null, 
            "gsm_id": 1114817, 
            "A5_score": null, 
            "name_ascii_en": "Toulouse vs. Olympique Marseille", 
            "A3_score": null, 
            "name_en": "Toulouse vs. Olympique Marseille", 
            "name": "Toulouse vs. Olympique Marseille", 
            "B_score": null, 
            "A4_score": null, 
            "start_datetime": "2011-10-15 17:00:00", 
            "B2_score": null, 
            "B4_score": null, 
            "B3_score": null
        }
    }, 
    {
        "pk": 10153, 
        "model": "gsm.session", 
        "fields": {
            "A_ets": null, 
            "A2_score": null, 
            "name_fr": "AEK Ath\u00e8nes vs. Olympiakos Pir\u00e9e", 
            "last_updated": "2011-09-19 10:31:25", 
            "name_ascii_fr": "AEK Athenes vs. Olympiakos Piree", 
            "name_ascii": "AEK Athens vs. Olympiakos Piraeus", 
            "gameweek": 6, 
            "B5_score": null, 
            "tag": "match", 
            "sport": 2, 
            "time_unknown": false, 
            "session_round": 71, 
            "actual_start_datetime": null, 
            "area": null, 
            "winner": null, 
            "B1_score": null, 
            "penalty": null, 
            "fans": [], 
            "A1_score": null, 
            "oponnent_A": 760, 
            "A_score": null, 
            "status": "Fixture", 
            "draw": null, 
            "season": 50, 
            "oponnent_B": 761, 
            "B_ets": null, 
            "gsm_id": 1214456, 
            "A5_score": null, 
            "name_ascii_en": "AEK Athens vs. Olympiakos Piraeus", 
            "A3_score": null, 
            "name_en": "AEK Athens vs. Olympiakos Piraeus", 
            "name": "AEK Athens vs. Olympiakos Piraeus", 
            "B_score": null, 
            "A4_score": null, 
            "start_datetime": "2011-10-15 17:30:00", 
            "B2_score": null, 
            "B4_score": null, 
            "B3_score": null
        }
    }, 
    {
        "pk": 2285, 
        "model": "gsm.session", 
        "fields": {
            "A_ets": null, 
            "A2_score": null, 
            "name_fr": "Barcelone vs. Racing Santander", 
            "last_updated": "2011-09-27 06:39:57", 
            "name_ascii_fr": "Barcelone vs. Racing Santander", 
            "name_ascii": "Barcelona vs. Racing Santander", 
            "gameweek": 8, 
            "B5_score": null, 
            "tag": "match", 
            "sport": 2, 
            "time_unknown": false, 
            "session_round": 29, 
            "actual_start_datetime": null, 
            "area": null, 
            "winner": null, 
            "B1_score": null, 
            "penalty": null, 
            "fans": [], 
            "A1_score": null, 
            "oponnent_A": 244, 
            "A_score": null, 
            "status": "Fixture", 
            "draw": null, 
            "season": 16, 
            "oponnent_B": 229, 
            "B_ets": null, 
            "gsm_id": 1140706, 
            "A5_score": null, 
            "name_ascii_en": "Barcelona vs. Racing Santander", 
            "A3_score": null, 
            "name_en": "Barcelona vs. Racing Santander", 
            "name": "Barcelona vs. Racing Santander", 
            "B_score": null, 
            "A4_score": null, 
            "start_datetime": "2011-10-15 18:00:00", 
            "B2_score": null, 
            "B4_score": null, 
            "B3_score": null
        }
    }, 
    {
        "pk": 3764, 
        "model": "gsm.session", 
        "fields": {
            "A_ets": null, 
            "A2_score": null, 
            "name_fr": "Nice vs. Bordeaux", 
            "last_updated": "2011-09-18 03:43:59", 
            "name_ascii_fr": null, 
            "name_ascii": "Nice vs. Bordeaux", 
            "gameweek": 10, 
            "B5_score": null, 
            "tag": "match", 
            "sport": 2, 
            "time_unknown": false, 
            "session_round": 33, 
            "actual_start_datetime": null, 
            "area": null, 
            "winner": null, 
            "B1_score": null, 
            "penalty": null, 
            "fans": [], 
            "A1_score": null, 
            "oponnent_A": 316, 
            "A_score": null, 
            "status": "Fixture", 
            "draw": null, 
            "season": 20, 
            "oponnent_B": 322, 
            "B_ets": null, 
            "gsm_id": 1114815, 
            "A5_score": null, 
            "name_ascii_en": "Nice vs. Bordeaux", 
            "A3_score": null, 
            "name_en": "Nice vs. Bordeaux", 
            "name": "Nice vs. Bordeaux", 
            "B_score": null, 
            "A4_score": null, 
            "start_datetime": "2011-10-15 19:00:00", 
            "B2_score": null, 
            "B4_score": null, 
            "B3_score": null
        }
    }, 
    {
        "pk": 3346, 
        "model": "gsm.session", 
        "fields": {
            "A_ets": null, 
            "A2_score": null, 
            "name_fr": "Novare vs. Bologne", 
            "last_updated": "2011-08-30 17:49:17", 
            "name_ascii_fr": "Novare vs. Bologne", 
            "name_ascii": "Novara vs. Bologna", 
            "gameweek": 7, 
            "B5_score": null, 
            "tag": "match", 
            "sport": 2, 
            "time_unknown": false, 
            "session_round": 32, 
            "actual_start_datetime": null, 
            "area": null, 
            "winner": null, 
            "B1_score": null, 
            "penalty": null, 
            "fans": [], 
            "A1_score": null, 
            "oponnent_A": 293, 
            "A_score": null, 
            "status": "Fixture", 
            "draw": null, 
            "season": 19, 
            "oponnent_B": 295, 
            "B_ets": null, 
            "gsm_id": 1175689, 
            "A5_score": null, 
            "name_ascii_en": "Novara vs. Bologna", 
            "A3_score": null, 
            "name_en": "Novara vs. Bologna", 
            "name": "Novara vs. Bologna", 
            "B_score": null, 
            "A4_score": null, 
            "start_datetime": "2011-10-16 13:00:00", 
            "B2_score": null, 
            "B4_score": null, 
            "B3_score": null
        }
    }, 
    {
        "pk": 3344, 
        "model": "gsm.session", 
        "fields": {
            "A_ets": null, 
            "A2_score": null, 
            "name_fr": "Chievo vs. Juventus", 
            "last_updated": "2011-08-30 17:49:17", 
            "name_ascii_fr": null, 
            "name_ascii": "Chievo vs. Juventus", 
            "gameweek": 7, 
            "B5_score": null, 
            "tag": "match", 
            "sport": 2, 
            "time_unknown": false, 
            "session_round": 32, 
            "actual_start_datetime": null, 
            "area": null, 
            "winner": null, 
            "B1_score": null, 
            "penalty": null, 
            "fans": [], 
            "A1_score": null, 
            "oponnent_A": 292, 
            "A_score": null, 
            "status": "Fixture", 
            "draw": null, 
            "season": 19, 
            "oponnent_B": 288, 
            "B_ets": null, 
            "gsm_id": 1175684, 
            "A5_score": null, 
            "name_ascii_en": "Chievo vs. Juventus", 
            "A3_score": null, 
            "name_en": "Chievo vs. Juventus", 
            "name": "Chievo vs. Juventus", 
            "B_score": null, 
            "A4_score": null, 
            "start_datetime": "2011-10-16 13:00:00", 
            "B2_score": null, 
            "B4_score": null, 
            "B3_score": null
        }
    }, 
    {
        "pk": 3765, 
        "model": "gsm.session", 
        "fields": {
            "A_ets": null, 
            "A2_score": null, 
            "name_fr": "Ajaccio vs. PSG", 
            "last_updated": "2011-09-18 03:43:58", 
            "name_ascii_fr": null, 
            "name_ascii": "Ajaccio vs. PSG", 
            "gameweek": 10, 
            "B5_score": null, 
            "tag": "match", 
            "sport": 2, 
            "time_unknown": false, 
            "session_round": 33, 
            "actual_start_datetime": null, 
            "area": null, 
            "winner": null, 
            "B1_score": null, 
            "penalty": null, 
            "fans": [], 
            "A1_score": null, 
            "oponnent_A": 304, 
            "A_score": null, 
            "status": "Fixture", 
            "draw": null, 
            "season": 20, 
            "oponnent_B": 318, 
            "B_ets": null, 
            "gsm_id": 1114809, 
            "A5_score": null, 
            "name_ascii_en": "Ajaccio vs. PSG", 
            "A3_score": null, 
            "name_en": "Ajaccio vs. PSG", 
            "name": "Ajaccio vs. PSG", 
            "B_score": null, 
            "A4_score": null, 
            "start_datetime": "2011-10-16 15:00:00", 
            "B2_score": null, 
            "B4_score": null, 
            "B3_score": null
        }
    }, 
    {
        "pk": 5704, 
        "model": "gsm.session", 
        "fields": {
            "A_ets": null, 
            "A2_score": null, 
            "name_fr": "Sarpsborg 08 vs. Troms\u00f8", 
            "last_updated": "2011-08-05 06:00:28", 
            "name_ascii_fr": null, 
            "name_ascii": "Sarpsborg 08 vs. Troms", 
            "gameweek": 26, 
            "B5_score": null, 
            "tag": "match", 
            "sport": 2, 
            "time_unknown": false, 
            "session_round": 40, 
            "actual_start_datetime": null, 
            "area": null, 
            "winner": null, 
            "B1_score": null, 
            "penalty": null, 
            "fans": [], 
            "A1_score": null, 
            "oponnent_A": 416, 
            "A_score": null, 
            "status": "Fixture", 
            "draw": null, 
            "season": 27, 
            "oponnent_B": 422, 
            "B_ets": null, 
            "gsm_id": 1061064, 
            "A5_score": null, 
            "name_ascii_en": "Sarpsborg 08 vs. Troms", 
            "A3_score": null, 
            "name_en": "Sarpsborg 08 vs. Troms\u00f8", 
            "name": "Sarpsborg 08 vs. Troms\u00f8", 
            "B_score": null, 
            "A4_score": null, 
            "start_datetime": "2011-10-16 16:00:00", 
            "B2_score": null, 
            "B4_score": null, 
            "B3_score": null
        }
    }, 
    {
        "pk": 3767, 
        "model": "gsm.session", 
        "fields": {
            "A_ets": null, 
            "A2_score": null, 
            "name_fr": "Stade Rennes vs. Lorient", 
            "last_updated": "2011-09-18 03:43:59", 
            "name_ascii_fr": null, 
            "name_ascii": "Stade Rennes vs. Lorient", 
            "gameweek": 10, 
            "B5_score": null, 
            "tag": "match", 
            "sport": 2, 
            "time_unknown": false, 
            "session_round": 33, 
            "actual_start_datetime": null, 
            "area": null, 
            "winner": null, 
            "B1_score": null, 
            "penalty": null, 
            "fans": [], 
            "A1_score": null, 
            "oponnent_A": 321, 
            "A_score": null, 
            "status": "Fixture", 
            "draw": null, 
            "season": 20, 
            "oponnent_B": 319, 
            "B_ets": null, 
            "gsm_id": 1114816, 
            "A5_score": null, 
            "name_ascii_en": "Stade Rennes vs. Lorient", 
            "A3_score": null, 
            "name_en": "Stade Rennes vs. Lorient", 
            "name": "Stade Rennes vs. Lorient", 
            "B_score": null, 
            "A4_score": null, 
            "start_datetime": "2011-10-16 19:00:00", 
            "B2_score": null, 
            "B4_score": null, 
            "B3_score": null
        }
    }, 
    {
        "pk": 266473, 
        "model": "gsm.session", 
        "fields": {
            "A_ets": null, 
            "A2_score": null, 
            "name_fr": "Barcelone vs. Viktoria Plze\u0148", 
            "last_updated": "2011-08-26 13:11:00", 
            "name_ascii_fr": "Barcelone vs. Viktoria Plzen", 
            "name_ascii": "Barcelona vs. Viktoria Plzen", 
            "gameweek": 3, 
            "B5_score": null, 
            "tag": "match", 
            "sport": 2, 
            "time_unknown": false, 
            "session_round": 2112, 
            "actual_start_datetime": null, 
            "area": null, 
            "winner": null, 
            "B1_score": null, 
            "penalty": null, 
            "fans": [], 
            "A1_score": null, 
            "oponnent_A": 244, 
            "A_score": null, 
            "status": "Fixture", 
            "draw": null, 
            "season": 1116, 
            "oponnent_B": 198, 
            "B_ets": null, 
            "gsm_id": 1209566, 
            "A5_score": null, 
            "name_ascii_en": "Barcelona vs. Viktoria Plzen", 
            "A3_score": null, 
            "name_en": "Barcelona vs. Viktoria Plze\u0148", 
            "name": "Barcelona vs. Viktoria Plze\u0148", 
            "B_score": null, 
            "A4_score": null, 
            "start_datetime": "2011-10-19 18:45:00", 
            "B2_score": null, 
            "B4_score": null, 
            "B3_score": null
        }
    }, 
    {
        "pk": 266436, 
        "model": "gsm.session", 
        "fields": {
            "A_ets": null, 
            "A2_score": null, 
            "name_fr": "Bayer Leverkusen vs. Valence", 
            "last_updated": "2011-08-26 13:11:00", 
            "name_ascii_fr": "Bayer Leverkusen vs. Valence", 
            "name_ascii": "Bayer Leverkusen vs. Valencia", 
            "gameweek": 3, 
            "B5_score": null, 
            "tag": "match", 
            "sport": 2, 
            "time_unknown": false, 
            "session_round": 2112, 
            "actual_start_datetime": null, 
            "area": null, 
            "winner": null, 
            "B1_score": null, 
            "penalty": null, 
            "fans": [], 
            "A1_score": null, 
            "oponnent_A": 281, 
            "A_score": null, 
            "status": "Fixture", 
            "draw": null, 
            "season": 1116, 
            "oponnent_B": 228, 
            "B_ets": null, 
            "gsm_id": 1209488, 
            "A5_score": null, 
            "name_ascii_en": "Bayer Leverkusen vs. Valencia", 
            "A3_score": null, 
            "name_en": "Bayer Leverkusen vs. Valencia", 
            "name": "Bayer Leverkusen vs. Valencia", 
            "B_score": null, 
            "A4_score": null, 
            "start_datetime": "2011-10-19 18:45:00", 
            "B2_score": null, 
            "B4_score": null, 
            "B3_score": null
        }
    }, 
    {
        "pk": 266448, 
        "model": "gsm.session", 
        "fields": {
            "A_ets": null, 
            "A2_score": null, 
            "name_fr": "Olympique Marseille vs. Arsenal", 
            "last_updated": "2011-08-26 13:11:00", 
            "name_ascii_fr": null, 
            "name_ascii": "Olympique Marseille vs. Arsenal", 
            "gameweek": 3, 
            "B5_score": null, 
            "tag": "match", 
            "sport": 2, 
            "time_unknown": false, 
            "session_round": 2112, 
            "actual_start_datetime": null, 
            "area": null, 
            "winner": null, 
            "B1_score": null, 
            "penalty": null, 
            "fans": [], 
            "A1_score": null, 
            "oponnent_A": 310, 
            "A_score": null, 
            "status": "Fixture", 
            "draw": null, 
            "season": 1116, 
            "oponnent_B": 259, 
            "B_ets": null, 
            "gsm_id": 1209544, 
            "A5_score": null, 
            "name_ascii_en": "Olympique Marseille vs. Arsenal", 
            "A3_score": null, 
            "name_en": "Olympique Marseille vs. Arsenal", 
            "name": "Olympique Marseille vs. Arsenal", 
            "B_score": null, 
            "A4_score": null, 
            "start_datetime": "2011-10-19 18:45:00", 
            "B2_score": null, 
            "B4_score": null, 
            "B3_score": null
        }
    }, 
    {
        "pk": 330068, 
        "model": "gsm.session", 
        "fields": {
            "A_ets": null, 
            "A2_score": null, 
            "name_fr": "SK Slovan Bratislava vs. PSG", 
            "last_updated": "2011-10-06 11:25:59", 
            "name_ascii_fr": "SK Slovan Bratislava vs. PSG", 
            "name_ascii": "Slovan Bratislava vs. PSG", 
            "gameweek": 3, 
            "B5_score": null, 
            "tag": "match", 
            "sport": 2, 
            "time_unknown": false, 
            "session_round": 2543, 
            "actual_start_datetime": null, 
            "area": null, 
            "winner": null, 
            "B1_score": null, 
            "penalty": null, 
            "fans": [], 
            "A1_score": null, 
            "oponnent_A": 843, 
            "A_score": null, 
            "status": "Fixture", 
            "draw": null, 
            "season": 1334, 
            "oponnent_B": 318, 
            "B_ets": null, 
            "gsm_id": 1210374, 
            "A5_score": null, 
            "name_ascii_en": "Slovan Bratislava vs. PSG", 
            "A3_score": null, 
            "name_en": "Slovan Bratislava vs. PSG", 
            "name": "Slovan Bratislava vs. PSG", 
            "B_score": null, 
            "A4_score": null, 
            "start_datetime": "2011-10-20 19:05:00", 
            "B2_score": null, 
            "B4_score": null, 
            "B3_score": null
        }
    }, 
    {
        "pk": 362607, 
        "model": "gsm.session", 
        "fields": {
            "A_ets": null, 
            "A2_score": null, 
            "name_fr": "Dijon vs. PSG", 
            "last_updated": "2011-10-06 10:28:29", 
            "name_ascii_fr": null, 
            "name_ascii": "Dijon vs. PSG", 
            "gameweek": null, 
            "B5_score": null, 
            "tag": "match", 
            "sport": 2, 
            "time_unknown": false, 
            "session_round": 2848, 
            "actual_start_datetime": null, 
            "area": null, 
            "winner": null, 
            "B1_score": null, 
            "penalty": null, 
            "fans": [], 
            "A1_score": null, 
            "oponnent_A": 320, 
            "A_score": null, 
            "status": "Fixture", 
            "draw": null, 
            "season": 1439, 
            "oponnent_B": 318, 
            "B_ets": null, 
            "gsm_id": 1212422, 
            "A5_score": null, 
            "name_ascii_en": "Dijon vs. PSG", 
            "A3_score": null, 
            "name_en": "Dijon vs. PSG", 
            "name": "Dijon vs. PSG", 
            "B_score": null, 
            "A4_score": null, 
            "start_datetime": "2011-10-26 15:00:00", 
            "B2_score": null, 
            "B4_score": null, 
            "B3_score": null
        }
    }, 
    {
        "pk": 3785, 
        "model": "gsm.session", 
        "fields": {
            "A_ets": null, 
            "A2_score": null, 
            "name_fr": "PSG vs. Caen", 
            "last_updated": "2011-10-04 17:12:39", 
            "name_ascii_fr": "PSG vs. Caen", 
            "name_ascii": "PSG vs. Caen", 
            "gameweek": 12, 
            "B5_score": null, 
            "tag": "match", 
            "sport": 2, 
            "time_unknown": false, 
            "session_round": 33, 
            "actual_start_datetime": null, 
            "area": null, 
            "winner": null, 
            "B1_score": null, 
            "penalty": null, 
            "fans": [], 
            "A1_score": null, 
            "oponnent_A": 318, 
            "A_score": null, 
            "status": "Fixture", 
            "draw": null, 
            "season": 20, 
            "oponnent_B": 308, 
            "B_ets": null, 
            "gsm_id": 1114836, 
            "A5_score": null, 
            "name_ascii_en": "PSG vs. Caen", 
            "A3_score": null, 
            "name_en": "PSG vs. Caen", 
            "name": "PSG vs. Caen", 
            "B_score": null, 
            "A4_score": null, 
            "start_datetime": "2011-10-29 17:00:00", 
            "B2_score": null, 
            "B4_score": null, 
            "B3_score": null
        }
    }
]
