[
    {
        "pk": 1, 
        "model": "sites.site", 
        "fields": {
            "domain": "bet.yourlabs.org", 
            "name": "Scoobet alpha"
        }
    },
    {
        "pk": 1, 
        "model": "auth.user", 
        "fields": {
            "username": "test", 
            "first_name": "", 
            "last_name": "", 
            "is_active": true, 
            "is_superuser": true, 
            "is_staff": true, 
            "last_login": "2011-04-26 10:43:14", 
            "groups": [], 
            "user_permissions": [], 
            "password": "sha1$89c45$99a57014a60e2518eced367d8c49de5f50c539dc", 
            "email": "t@tt.tt", 
            "date_joined": "2011-04-26 10:43:14"
        }
    },
    {
        "pk": 2, 
        "model": "auth.user", 
        "fields": {
            "username": "test0", 
            "first_name": "", 
            "last_name": "", 
            "is_active": true, 
            "is_superuser": false, 
            "is_staff": false, 
            "last_login": "2011-06-01 17:30:09", 
            "groups": [], 
            "user_permissions": [], 
            "password": "sha1$48962$6faf1866cb2cc2afe98a1e06607396104483d10c", 
            "email": "jamespic@gmail.com", 
            "date_joined": "2011-06-01 17:27:40"
        }
    },
    {
        "pk": 3, 
        "model": "auth.user", 
        "fields": {
            "username": "test1", 
            "first_name": "", 
            "last_name": "", 
            "is_active": true, 
            "is_superuser": false, 
            "is_staff": false, 
            "last_login": "2011-06-01 17:30:09", 
            "groups": [], 
            "user_permissions": [], 
            "password": "sha1$48962$6faf1866cb2cc2afe98a1e06607396104483d10c", 
            "email": "jamespic@gmail.com", 
            "date_joined": "2011-06-01 17:27:40"
        }
    },
    {
        "pk": 4, 
        "model": "auth.user", 
        "fields": {
            "username": "test2", 
            "first_name": "", 
            "last_name": "", 
            "is_active": true, 
            "is_superuser": false, 
            "is_staff": false, 
            "last_login": "2011-06-01 17:30:09", 
            "groups": [], 
            "user_permissions": [], 
            "password": "sha1$48962$6faf1866cb2cc2afe98a1e06607396104483d10c", 
            "email": "jamespic@gmail.com", 
            "date_joined": "2011-06-01 17:27:40"
        }
    },
    {
        "pk": 1, 
        "model": "gsm.sport", 
        "fields": {
            "name": "rugby", 
            "slug": "rugby"
        }
    }, 
    {
        "pk": 2, 
        "model": "gsm.sport", 
        "fields": {
            "name": "soccer", 
            "slug": "soccer"
        }
    }, 
    {
        "pk": 3, 
        "model": "gsm.sport", 
        "fields": {
            "name": "tennis", 
            "slug": "tennis"
        }
    }, 
    {
        "pk": 4, 
        "model": "gsm.sport", 
        "fields": {
            "name": "basketball", 
            "slug": "basketball"
        }
    },
    {
        "pk": 1, 
        "model": "bookmaker.bookmaker", 
        "fields": {
            "bettype": [
                1, 
                4, 
                2, 
                5, 
                3, 
                6
            ], 
            "name": "Test Bookie", 
            "url": "http://bla.com/", 
            "creation_date": "2011", 
            "live_bets": true, 
            "user": 1, 
            "address": "20 Rue Foo\r\n12345, Bar, France", 
            "logo": "bookmaker/1/avatar_big_1.png", 
            "email": "tsaet@tsaheu.com"
        }
    }, 
    {
        "pk": 1, 
        "model": "bookmaker.bettype", 
        "fields": {
            "name_en": "1X2", 
            "name_fr": "1X2", 
            "sport": 1, 
            "name": "1X2", 
            "creation_bookmaker": 1
        }
    }, 
    {
        "pk": 4, 
        "model": "bookmaker.bettype", 
        "fields": {
            "name_en": "1X2 half time", 
            "name_fr": "1X2 \u00e0 mi temps", 
            "sport": 1, 
            "name": "1X2 half time", 
            "creation_bookmaker": 1
        }
    }, 
    {
        "pk": 2, 
        "model": "bookmaker.bettype", 
        "fields": {
            "name_en": "1X2", 
            "name_fr": "1X2", 
            "sport": 2, 
            "name": "1X2", 
            "creation_bookmaker": 1
        }
    }, 
    {
        "pk": 5, 
        "model": "bookmaker.bettype", 
        "fields": {
            "name_en": "1X2 half time", 
            "name_fr": "1X2 \u00e0 mi temps", 
            "sport": 2, 
            "name": "1X2 half time", 
            "creation_bookmaker": 1
        }
    }, 
    {
        "pk": 3, 
        "model": "bookmaker.bettype", 
        "fields": {
            "name_en": "1X2", 
            "name_fr": "1X2", 
            "sport": 4, 
            "name": "1X2", 
            "creation_bookmaker": 1
        }
    }, 
    {
        "pk": 6, 
        "model": "bookmaker.bettype", 
        "fields": {
            "name_en": "1X2 half time", 
            "name_fr": "1X2 \u00e0 mi temps", 
            "sport": 4, 
            "name": "1X2 half time", 
            "creation_bookmaker": 1
        }
    }, 
    {
        "pk": 1, 
        "model": "bookmaker.betchoice", 
        "fields": {
            "name_en": "1", 
            "bettype": 1, 
            "name_fr": "1", 
            "name": "1"
        }
    }, 
    {
        "pk": 4, 
        "model": "bookmaker.betchoice", 
        "fields": {
            "name_en": "1", 
            "bettype": 2, 
            "name_fr": "1", 
            "name": "1"
        }
    }, 
    {
        "pk": 7, 
        "model": "bookmaker.betchoice", 
        "fields": {
            "name_en": "1", 
            "bettype": 3, 
            "name_fr": "1", 
            "name": "1"
        }
    }, 
    {
        "pk": 10, 
        "model": "bookmaker.betchoice", 
        "fields": {
            "name_en": "1", 
            "bettype": 4, 
            "name_fr": "1", 
            "name": "1"
        }
    }, 
    {
        "pk": 13, 
        "model": "bookmaker.betchoice", 
        "fields": {
            "name_en": "1", 
            "bettype": 5, 
            "name_fr": "1", 
            "name": "1"
        }
    }, 
    {
        "pk": 16, 
        "model": "bookmaker.betchoice", 
        "fields": {
            "name_en": "1", 
            "bettype": 6, 
            "name_fr": "1", 
            "name": "1"
        }
    }, 
    {
        "pk": 15, 
        "model": "bookmaker.betchoice", 
        "fields": {
            "name_en": "2", 
            "bettype": 5, 
            "name_fr": "2", 
            "name": "2"
        }
    }, 
    {
        "pk": 9, 
        "model": "bookmaker.betchoice", 
        "fields": {
            "name_en": "2", 
            "bettype": 3, 
            "name_fr": "2", 
            "name": "2"
        }
    }, 
    {
        "pk": 18, 
        "model": "bookmaker.betchoice", 
        "fields": {
            "name_en": "2", 
            "bettype": 6, 
            "name_fr": "2", 
            "name": "2"
        }
    }, 
    {
        "pk": 12, 
        "model": "bookmaker.betchoice", 
        "fields": {
            "name_en": "2", 
            "bettype": 4, 
            "name_fr": "2", 
            "name": "2"
        }
    }, 
    {
        "pk": 3, 
        "model": "bookmaker.betchoice", 
        "fields": {
            "name_en": "2", 
            "bettype": 1, 
            "name_fr": "2", 
            "name": "2"
        }
    }, 
    {
        "pk": 6, 
        "model": "bookmaker.betchoice", 
        "fields": {
            "name_en": "2", 
            "bettype": 2, 
            "name_fr": "2", 
            "name": "2"
        }
    }, 
    {
        "pk": 17, 
        "model": "bookmaker.betchoice", 
        "fields": {
            "name_en": "X", 
            "bettype": 6, 
            "name_fr": "X", 
            "name": "X"
        }
    }, 
    {
        "pk": 8, 
        "model": "bookmaker.betchoice", 
        "fields": {
            "name_en": "X", 
            "bettype": 3, 
            "name_fr": "X", 
            "name": "X"
        }
    }, 
    {
        "pk": 2, 
        "model": "bookmaker.betchoice", 
        "fields": {
            "name_en": "X", 
            "bettype": 1, 
            "name_fr": "X", 
            "name": "X"
        }
    }, 
    {
        "pk": 5, 
        "model": "bookmaker.betchoice", 
        "fields": {
            "name_en": "X", 
            "bettype": 2, 
            "name_fr": "X", 
            "name": "X"
        }
    }, 
    {
        "pk": 11, 
        "model": "bookmaker.betchoice", 
        "fields": {
            "name_en": "X", 
            "bettype": 4, 
            "name_fr": "X", 
            "name": "X"
        }
    }, 
    {
        "pk": 14, 
        "model": "bookmaker.betchoice", 
        "fields": {
            "name_en": "X", 
            "bettype": 5, 
            "name_fr": "X", 
            "name": "X"
        }
    },
    {
        "pk": 6, 
        "model": "clan.clan", 
        "fields": {
            "kind": 1, 
            "creation_datetime": "2011-06-01 16:50:58", 
            "name": "Semi Private Test Clan", 
            "creation_user": 1, 
            "description": "", 
            "image": "clan/None/avatar_big_2.png", 
            "modification_datetime": "2011-06-01 17:34:35", 
            "slug": "test", 
            "auto_approve": false
        }
    }, 
    {
        "pk": 7, 
        "model": "clan.clan", 
        "fields": {
            "kind": 0, 
            "creation_datetime": "2011-06-01 17:34:51", 
            "name": "Public Clan Test", 
            "creation_user": 3, 
            "description": "", 
            "image": "", 
            "modification_datetime": "2011-06-01 17:34:51", 
            "slug": "public-clan-test", 
            "auto_approve": true
        }
    }, 
    {
        "pk": 8, 
        "model": "clan.clan", 
        "fields": {
            "kind": 2, 
            "creation_datetime": "2011-06-01 17:35:03", 
            "name": "Private Clan Test", 
            "creation_user": 4, 
            "description": "", 
            "image": "", 
            "modification_datetime": "2011-06-01 17:35:03", 
            "slug": "private-clan-test", 
            "auto_approve": false
        }
    },
    {
        "pk": 9, 
        "model": "clan.membership", 
        "fields": {
            "clan": 6, 
            "kind": null, 
            "creation_datetime": "2011-06-01 17:42:27", 
            "modification_user": null, 
            "user": 3, 
            "modification_datetime": "2011-06-01 17:42:27"
        }
    }, 
    {
        "pk": 10, 
        "model": "clan.membership", 
        "fields": {
            "clan": 6, 
            "kind": null, 
            "creation_datetime": "2011-06-01 17:44:03", 
            "modification_user": null, 
            "user": 4, 
            "modification_datetime": "2011-06-01 17:44:03"
        }
    }, 
    {
        "pk": 11, 
        "model": "clan.membership", 
        "fields": {
            "clan": 6, 
            "kind": null, 
            "creation_datetime": "2011-06-01 17:44:23", 
            "modification_user": null, 
            "user": 2, 
            "modification_datetime": "2011-06-01 17:44:23"
        }
    }
]
